Longitude,Latitude
180,68.993778
-177.289968765232,68.2311972074505
-175.082435177353,67.537643668134
-174.043851131288,67.0899121291413
-170.355681305715,66.329273469448
-171.159749365593,65.6824825712501
-175.840415934612,65.052109271087
-178.435956160276,65.5900331946715
179.889701331799,64.9488825674289
178.199847594068,64.1891552705315
178.710616120241,63.6423071449045
179.407016422093,63.0816636638487
177.48259250819,62.5404973100204
174.731862616619,61.9566576366643
171.603340234165,60.7613634465128
169.887161448584,60.1914948988204
167.793703953874,60.5039187956512
166.248723260015,60.0852930175623
164.813225624086,59.8227439314091
163.312948824742,59.5720489034227
162.42234037962,58.645052168666
162.656311940416,57.9467124103276
163.028764538318,56.7110162040608
162.047779382655,56.0096255775737
161.50363369482,54.4850746165474
159.889980227482,53.5893272304725
159.037559163314,53.0717488343521
158.520271921095,52.2799791676623
156.762980574084,50.9190777176228
156.449958491877,52.4950578824816
155.817253580091,54.1600703775012
155.652254374708,55.94608123506
158.829908021747,58.277119442904
160.899096265227,59.6286991670923
163.33151233647,60.7986237675006
164.092597126652,61.8737446951929
164.065762379258,62.6153308458116
162.910411670607,61.631253056842
160.860773176297,60.8081692211642
159.847332763773,61.239039240316
159.435659586998,61.8087718466612
156.661749223487,61.2743458411966
154.524505885154,59.9723115725601
153.670585008121,59.1878898408386
151.213635949026,58.9805229290832
150.927338165139,59.4931889557334
148.938951171974,59.4513184064512
147.119630769658,59.3269537217338
144.787327165799,59.3689375358517
141.900196711176,58.8895678407432
139.865871719101,57.5596301254879
138.200312291128,56.4246984105016
136.07370784643,55.2576892994299
136.697993518055,54.6090507804731
137.180918064094,54.2021526792836
137.282503559257,53.5502389547101
140.070643507344,54.0766235279206
141.3106318723,53.0697164565702
141.514170575216,52.2351376387568
140.62743698063,50.9298160360482
140.498511290636,49.4461051676453
139.911866516249,48.2573221640145
138.431081602838,46.8040691209584
137.001548454219,45.3387738470159
135.621568270326,44.0340526430507
134.219599313124,43.0865367378284
132.483179103174,42.897514403083
131.736851070183,43.2876602372155
130.807135685384,42.666453197924
129.905865000894,41.9182170185632
129.129317722846,40.5564793563399
127.526090192929,39.6105566538911
128.36159743654,38.686426024894
129.405705690315,37.1021184967826
129.468244722663,35.5780575328818
128.477406559271,35.0629083810455
127.345326123441,34.5845224257506
126.355529371159,35.1424367900515
126.723325386542,35.8609404641907
126.508971507764,36.6399931223327
125.870148864287,37.889873348524
124.893259018058,38.3765696521814
125.338641039569,39.1634858188528
124.822246540431,39.7391302438918
123.665590935498,39.8755444927455
122.274377541172,39.3536414349258
121.142486189409,38.7442776040617
121.360092439971,39.3673581407725
122.209103966923,40.3977105015865
121.018605813811,40.8450478983211
119.538071982373,39.8400138765293
118.00575755656,39.1958373827048
118.491475077341,38.0938276134942
119.141590212,37.1750621469892
120.73390831025,37.8307221647767
122.371822834539,37.420678019524
122.192108110065,36.9244617405283
121.210189453389,36.7086324707642
120.335280758841,36.0690148157221
119.681182324044,35.6290408021387
119.789440627518,34.4569228255521
120.70726343524,33.2024276901221
121.742417644846,32.0034983666754
121.015636990674,30.5582746967178
121.996774184243,29.8224903066598
121.659181075904,28.3272576228705
120.359976702515,27.173809499948
119.815186649095,26.495361084636
119.70186808145,25.955188709971
119.22130533758,25.5286636904005
118.662892215708,24.690824855102
117.620260751876,23.8299381915181
116.863859286959,23.5977535710553
115.537151433816,22.7841704797839
114.842917649157,22.5935333437938
114.22773027813,22.4737780347023
113.777641842644,22.7534398609829
113.108774824268,22.2485657008348
112.443907948042,21.8215872975627
111.783730454267,21.6187962496519
110.770613084949,21.3833681448528
110.381417427585,20.771700987722
109.913055779776,20.4849822846563
109.825407899438,21.4889322827918
109.110575220899,21.4931528259095
108.502451992191,21.7071204321946
107.775706829876,21.5016109797853
106.525887735463,20.5440469393529
105.90598069012,19.780015427905
105.898418501583,18.4057520860701
106.826193020709,17.3088354505418
107.631166134058,16.5230924371056
108.391314163161,15.8187309737817
109.080879295204,14.5043976755315
109.303261401933,13.4100470879477
109.219550845626,12.6549308672894
108.065256171737,10.8448243217128
106.931436542173,10.3910678501648
105.105571013738,9.89822835450671
103.362273753859,10.9078329439342
102.802002662985,11.8643893400718
102.086999313358,12.4593172280098
100.847942114995,12.7058838072638
100.257622283804,13.520637340058
99.9076219196182,11.9827034798799
99.2711659393295,10.4328264760079
99.5284977663215,9.25884745249903
100.261043563284,8.26914048314932
100.765236091935,6.99375665541263
102.075986852311,6.25262794119751
103.252250967558,5.14955887965773
103.437529248918,3.52307302740495
104.040945969384,2.14209968837971
103.991354350489,1.44341537743838
102.701946139225,1.86648781321654
101.359032861749,2.83877034011321
100.503715124204,4.92647974359654
100.10797780309,6.44560084394376
99.5138065042517,7.3546422063663
98.8501171792208,8.03887811240558
98.2618426776978,8.61631389097988
98.566361946846,9.81261275022815
98.4860790780398,10.5809386064951
98.7144020080964,11.548676877376
98.5956287958363,12.211995944848
98.0648681162019,13.8634679242407
97.7277266431475,15.2650669538685
97.6196147785965,16.5818971524353
96.3781278545124,16.5336776351527
95.9494923277599,16.2926631758269
95.1164056962552,15.8640765469391
94.6399868598771,15.8814050435682
94.1894151188725,18.737885063495
93.5594041308324,19.9014312328668
92.337708767831,20.7730878197419
90.1364977643061,22.0334917144237
89.3107547254639,21.803319662205
88.7523106818906,21.8753790841856
88.2960794027755,21.6395433390694
87.6605318407034,21.6472331709912
87.0543641255852,20.7097660804665
86.1063599190128,19.8704675743881
84.7439604609697,19.0459530518819
83.4936685132737,17.9458966628731
82.34437400465,16.8842609653965
81.2434916806078,16.2260542031666
80.1704622912329,15.4134464432
80.2559505740334,13.7841585860398
79.9046126831087,12.0872698562692
79.8762131610104,10.4688528446753
78.9410839842979,9.38545721420672
78.1443422342781,8.60630268528137
76.7868811663949,8.61595515207267
76.2980624349973,9.7995989666723
75.7961365132975,11.2277609652884
74.8748848601443,12.7284771345568
74.512564775454,14.2434398719429
73.7965994712114,15.4686346205928
73.4405945856855,16.4983433540452
73.1364097760812,17.6510066520322
72.9336109398037,18.5774514643565
72.8081811290647,19.168425286019
72.7525232765225,20.2328074655566
72.6381755638058,21.1230456588104
72.2763754264874,22.0878537073479
71.6621374875182,21.0158069777181
70.0041122040308,21.2101674537522
69.0502721381979,22.3927058353317
70.3156734677239,22.7632773186691
69.2597319364258,22.8282310564378
67.5022577361991,23.9264690357661
67.2509913523807,24.5705491885197
66.5836524034995,25.3825401669688
65.9199049118258,25.4008002173059
64.2876007382546,25.2731000405251
63.2461757893465,25.2573500176636
61.7721724156636,25.0169171309417
60.4174510173151,25.358191883528
59.2169147967045,25.4361177611742
57.641210839666,25.752955881352
56.8857505234992,27.0674626498083
55.1860895614083,26.7404741538649
53.4763815780087,26.9236690759969
51.9938608251631,27.8399017762109
50.8308260711966,28.8961403665669
50.0966801538419,30.1725959964532
48.5434607405534,29.9264979928292
47.9445156441651,29.3680738983101
48.748133210234,27.9481975300352
50.0402141697087,26.5217340965087
50.1461561815631,25.7336104319567
50.8292005734562,25.0544839710599
51.1895424992344,26.1168397724106
51.5934437965765,24.9610056193117
51.600530518443,24.3627537404615
52.7474707198375,24.131857835854
54.1894120605755,24.2953868019631
54.8315665589002,24.8763727976671
56.0862452549447,26.012761854187
56.7798270071065,24.3277543464109
58.5034266289607,23.6296568696798
59.7994216820959,22.4655811392565
58.8215479973371,21.0071796182754
57.8878518167754,20.2835275530389
57.3635875477459,18.9202610165893
56.073315015972,17.925702465342
54.8419779058163,16.949217180868
53.070081726308,16.6430469646362
51.9577797053204,15.499302986415
50.2276971098046,14.869470748108
48.6923237448204,14.0411744883513
47.0103189375917,13.5270814787208
45.3163651835882,13.0350600415947
44.0038305469418,12.600303963974
43.2363705501129,13.8152405921627
42.7866542997504,15.1747699616024
42.7744076056388,16.3777886994288
42.1175377093866,17.6086879759844
41.1435010580145,19.0207044776871
40.1084468098861,20.2692755349787
39.1617475625176,21.4950252025341
39.050884643534,22.5477831544057
38.4532046793975,23.7831710777757
37.1695090563783,24.8074432035477
36.4789153942372,26.1547970048856
35.4760889662772,27.6731623396014
34.7869970851055,28.6009741653954
32.6925061231429,29.5573770942794
32.3696331617596,31.2208476495452
33.3498139494331,31.0632649737603
34.749021119149,32.0821206500653
35.4097689308966,33.7490613973505
35.9293738271662,35.32145031983
36.1641756333489,36.7644810797362
34.5291401165777,36.7195433246225
32.859421766979,36.0446710344332
30.9763668150795,36.852540755655
29.5519615467654,36.1896523084923
28.4011471376519,36.7892069949994
27.4148486927209,36.7294467881912
27.2470189660552,37.7732678574566
26.3887896219655,38.462142709922
26.4696176170858,39.5132796260606
30.1783606867443,41.1887170563973
32.2077569803914,41.674707802269
34.5263856604468,41.9544860732399
36.1078905231603,41.5175463410183
37.9278029417106,40.9765814702487
40.1574966616171,40.9229727007674
41.7018266474161,42.0446660879643
40.2726855156752,43.2398680312659
38.4219487995429,44.3654557916806
36.7108344715215,45.2196094920403
37.4755002920656,45.3747334989532
38.504005042431,46.101661061649
38.4126379078162,46.7605811109757
36.4316122484048,46.7228647241271
35.1394786937049,46.1908859032845
34.5973469905089,44.7599394964863
33.5010723835111,45.1079010691986
33.1088745314037,45.7019175787402
31.6997840346999,46.5527687733732
29.7450046593651,45.6035069888156
29.4814975300185,44.8302577183099
28.7840366811281,44.6249676541383
28.4128060353674,43.3833001242427
27.7429780728042,42.2940615626809
29.0257775076561,41.079935671827
26.7353430581198,40.5334130196527
24.9972381276154,40.9475895788137
24.005256825655,40.4093230262684
22.591714894642,40.2317751845393
23.1050459053669,39.3089225283234
23.7709034080437,37.848882390198
23.3362490986649,37.4127053606752
23.0603653557258,36.5955166394073
22.2504131235101,36.8092295880919
21.4813715594195,37.5944140296585
22.318092834701,38.1759632261263
20.5161305100933,39.2240412706433
19.4122370636282,41.388522547297
18.6979294729129,42.4312753594004
17.1352830992047,42.9640004372569
16.5243018598293,43.4779857893002
15.2967745087459,44.3224923474126
14.498435082273,45.3118458732922
13.6037512640233,45.2641264657872
12.5061318917302,45.4610259218495
12.3361864674129,44.821274578693
13.6283132866233,43.5481430747605
14.7889505627467,42.0452505508852
15.9190016907517,41.5565377441638
17.9421038610653,40.6707363549526
16.6486398543404,39.6358346348238
16.5635376914602,38.4827655811924
15.5534638030486,40.0669333319409
14.3132961403579,40.8228519995793
12.5353249487985,41.506772832422
11.0724924038442,42.6368822273552
10.0626386089702,44.0136895363574
8.16439860183344,43.9815514463745
6.46666072936508,43.1569496683631
4.8588366233529,43.382278269684
3.24809524670284,43.2070831245489
3.2114439861399,42.0553853111084
1.34857929770396,41.1168740598723
0.212485165459129,40.1847443046857
0.159926845531207,38.6970834495013
-1.05691405288097,37.5436450072709
-2.65596411128552,36.7250447326018
-4.72034144546826,36.4930588733931
-6.24958452737324,36.453453339737
-7.10954791611581,37.206407251257
-8.91309736960945,37.0449044482641
-8.80788090386564,38.4094756069954
-9.14358431283885,39.4978861129837
-8.65512494341562,41.0261664600548
-8.77107960715599,42.3338160720462
-9.18576353474162,42.9505776582276
-8.18128765899646,43.4954435659696
-6.80372925916451,43.5786154557067
-4.57845202436295,43.3992054931915
-2.76466101184692,43.4572386710157
-1.32857696089026,44.2098013532106
-1.10422414487485,45.5125336921868
-2.13347062919828,46.8383494010963
-2.84011493509145,47.5508891224344
-3.53441299718116,47.7951251675213
-4.52909092973389,48.1851871613735
-4.48121895493307,48.6502476848054
-2.802327474814,48.6109471661343
-1.56759410372082,48.8044334399609
-1.17541766074126,49.3947583506476
0.317892766553202,49.7557752871195
1.65737124976762,50.889346684826
4.23262581944493,51.3590324735197
4.71192985599063,52.8809724168278
6.23204584443786,53.3741745077457
7.51801578842899,53.6944081399965
8.63159392924747,53.855803098327
8.58528414005793,54.881544052277
8.30164168479201,55.4699439892004
8.37657580176939,56.6961059123879
10.5541407566532,57.715765759625
10.6127613670439,56.5469165674634
9.88799365779321,55.8482506565446
9.57723647809719,55.03800758664
10.3530890794027,54.4289993891171
11.584321411557,54.10408777526
12.6331319636119,54.382219570597
16.5660766360238,54.5494759611954
18.4431823276702,54.7387516283858
19.2991564226491,54.2746575669155
20.3393510284284,54.9405821607778
21.1649403412183,54.9309848107529
21.0028815332454,56.6149062830584
22.6848391866285,57.5721299855975
24.3493989631501,57.6769072734381
23.7263934834772,58.752921989065
24.7581022402064,59.4470960476734
26.9411525960518,59.4404939569004
29.2253249065969,59.9748342204932
28.5394374798333,60.4433786196182
27.1847953406937,60.5764814419948
25.8638395723374,60.3470868712787
24.4457521363443,60.0575195980571
23.0372303442663,59.9855400142311
22.1919528709558,60.42890478501
21.3256498246475,61.0866989895548
21.4034961993703,62.1650927628739
21.6404752296131,63.2413521864321
22.7944460527517,63.8251898120462
24.5530590368199,64.7983638969257
24.9437363161947,65.6432862571897
22.977810321125,65.7505454088426
21.6504870800122,65.3589931932795
21.2371629736275,64.6466369088968
20.3042772113266,63.6999695599984
18.6867858573577,63.2475209372042
17.4183527656216,61.752340787149
17.1468353954599,61.0019828322654
18.3312224567195,60.3067676293218
18.6384761569755,59.5921891621363
17.4145319094252,58.7646343557315
16.4418829232357,57.8671663515343
16.3943693812369,56.7857985495447
14.7000753962161,56.1396238012404
12.9364630409602,55.3689053897268
12.8949061809919,56.4664497135701
11.9077842980039,57.7069794097622
11.3103167914319,58.499310896612
10.413406936515,59.1501018860856
9.33880877360316,58.7842381517094
7.62177974608646,58.0060792006734
6.75327502025389,58.2300073245416
5.90237628265855,58.959938301541
5.97209934910356,59.4565220354122
5.24460802299464,60.6461144879248
5.04441954467035,61.2168764670558
6.49670529936721,62.3617700133008
7.15771222882126,62.8112748929176
9.20465348648064,63.4137504647459
10.3041516157104,64.2442057014183
11.2922336149046,64.7950007733945
13.1973292219579,66.2009286522171
13.9536613957137,67.0568536702269
14.7812620475667,67.7346244530717
15.6432426141029,68.12735229536
19.9937291046294,69.6224860997973
21.9527464574468,69.865079541184
24.8229599512701,70.9145628207313
25.1520865787787,70.3237408589311
26.6825537664792,70.7561734108941
29.3750968153732,70.7557924383503
30.0787965913981,70.0763178813603
31.9565673745942,69.8644719888572
32.5840683129225,69.4609814082948
35.8374444875285,69.1836732907636
38.7861335493425,68.3203442630829
41.0373248075324,67.3784841284764
38.9959172514335,66.0990556218433
34.8505690948044,66.5873914444471
32.4065562492907,67.1566180173875
33.0252272708016,66.5059459333182
34.8148290912187,65.8652511901869
34.8842048284749,64.8008004839292
36.3977121479734,63.9374182866745
37.0822029823997,64.4343619330454
38.3464632951112,64.762497524594
40.5152898116371,64.7434262793275
41.0424754728133,66.0360279011545
43.4495086849155,66.1258383988589
43.9971081719445,67.1516684223853
43.3053190750716,68.6619001898024
46.6627271492066,67.8417573830524
46.264529883257,66.8285955217862
48.9576038565202,67.6341362096951
51.4286513620081,68.4096434163112
53.5681894971598,68.8896529995323
55.9552697599161,68.6231904377654
59.0451521559884,68.9919615745102
60.5329413391822,68.71928146152
61.3164409148096,69.828532237609
65.0349581290213,69.2534550830457
67.8057805336662,68.4964453847772
68.3915181115024,68.9979924026874
66.9641189740476,70.0384480678032
66.7832479729696,71.0968842013835
68.9531611044141,72.469381842038
72.8132416408768,72.6208781552154
72.7034869044202,70.9929082403089
72.4467355057565,69.4318218839372
73.0814006736941,67.9342166099448
70.4263561360439,66.3488726573461
73.6415705402644,66.9210095759993
74.3801311381725,68.5112876598888
77.1803513131672,68.3297091328953
78.4344133681272,67.651477203126
77.6648422857424,68.855785110989
73.8496586883191,69.3007520672317
74.950826322376,72.4192035713569
75.3602942783562,71.7343256247593
78.4563876330436,70.9898808186359
76.7136006836411,72.0224755369886
78.7985138051316,72.37236846831
82.4345715517221,71.9848092044216
80.6463746979823,73.2035888662494
85.1994885058002,73.7186699449262
86.2458863242646,74.3617385980975
86.028006869585,74.82665798459
88.2056667542705,75.1153819860345
91.68144280547,75.626078414254
93.5192810254995,76.0077417526462
96.5588125423129,75.9087719226477
101.14871616803,76.976718275031
106.112359757296,77.3600387407094
107.386944357308,76.9479993087372
110.366217887936,76.7364249103747
113.074592677437,76.1437979646608
111.876417802297,74.6564951551474
108.156270762324,73.6369090214033
106.107448028695,72.9225020841823
109.710020815238,73.4528491808344
111.451806531649,74.0460722317411
113.563578395142,73.319250067753
117.429846810303,73.6098579650741
121.104251196848,72.9248138830634
123.634725611706,73.1859230473159
125.01497825032,73.5982784316431
128.658741765555,71.8724974103218
129.730659285403,71.1383714926669
131.98088376024,71.230154340125
133.591607291312,71.491673787682
139.247040654258,71.42464276973
139.962022188216,72.2408356781186
141.042249190066,72.6848479039596
145.941521931237,72.4645630762773
150.021865346581,71.9082023888735
153.970669832851,70.8728022573553
158.406264012196,70.8693442554775
159.957559236058,69.7558767819709
162.151122327752,69.6013353548938
166.905160918796,69.472369030408
169.735191635625,68.7854303470032
170.188506097488,69.6264121402658
173.44300267418,69.8295253977386
177.008588593831,69.6295304713056
33.8159633031488,27.260469562752
35.4994033343735,24.109933048958
35.7319178176191,22.8869853630512
37.2318680808617,20.5641221778802
37.4051398652987,18.911305443842
39.2068991260384,16.2897468774795
39.7903558690465,15.3519811110245
40.769627356998,14.7403941517353
42.123493894601,13.6748135491187
43.0333914148481,12.8594329050788
42.7091787807637,11.6056292847707
43.6639943927664,11.0225697585193
45.201804814712,10.5410534439148
46.8770284953866,10.8692491172723
48.5655872429326,11.3072412945624
50.3206587251821,11.6159168723459
51.2061471867759,10.419759433486
50.5145618360161,8.94937180638312
49.6390505942451,7.43722968122247
48.8489915287385,5.83130614166107
45.1854452690135,1.95281863381006
43.7520364327428,0.873767926074697
42.5195000357159,-0.433164151951586
41.5301523673084,-1.67696293953783
40.909292017767,-2.05814947615101
39.5640027321743,-4.08634932309606
39.1338795458165,-5.13367279033061
39.1424685379703,-6.58205711713357
39.5496346314511,-8.92334469853575
39.6991138315744,-9.6663473275967
40.403111574978,-11.3554027345571
40.5587642069455,-12.6564299293404
40.5924663695913,-13.5456337552123
40.7962435163296,-14.410225636495
40.6330982138326,-15.1867645617295
39.92606710743,-16.2312802768371
39.0937115245389,-16.9306348973722
37.7526246041622,-17.4182141064264
36.8046246781051,-18.2289655488748
35.7257940981374,-19.1108395890508
34.7334593515477,-19.9624532771461
35.0624126890565,-21.0163552875364
35.4309996420682,-22.1819196654333
35.4460476269727,-23.4654635534763
35.2671925631643,-24.4069808981603
33.5345205700933,-25.2113705467234
32.5916450516768,-26.0888730226124
31.9893241768621,-28.8861582571615
30.7642264668464,-30.2797756250545
29.465752541892,-31.6624711630197
27.981322096245,-32.9409932749423
26.1348896043158,-33.7359779670022
24.4953185733857,-34.1389337257613
22.5011256570448,-34.0327768797747
20.7425494567841,-34.4654233824605
19.1289217838959,-34.4101805729419
17.9851036462528,-32.6987922186521
17.8586833080068,-31.2708538164175
17.0168805261371,-29.6346756386761
15.9256711151031,-28.1918726733395
15.0924779991244,-26.6428228742474
14.8695077124411,-25.091913001029
14.4453261011619,-23.3950245216141
14.1713286413683,-22.031948985712
13.278058415013,-20.462089990892
11.7532471938433,-17.2929071216847
11.996350646619,-15.6285134827557
12.3987832413937,-13.9513821246791
13.2655777483565,-12.5848812981829
12.4417160979523,-5.99331389356594
11.7452144935817,-4.51297435450251
10.6547504031714,-3.37652837021785
9.66795426918915,-2.44108601458844
8.87898997880217,-1.05124975926928
9.24606176998191,-0.443436307506423
9.73829526579764,0.0819911142050983
9.47998415703119,0.663070478637786
9.39797917866113,1.25994598067572
9.91031345849976,2.85180703913043
9.65921452473126,3.7405133826653
8.50785999550903,4.72927149430787
7.93291440007346,4.55945859275394
6.7742393315131,4.35675745001603
5.20071815755318,5.51045827542096
3.62497489054294,6.49765390966789
2.5859625729813,6.34551072973902
0.950024569166727,5.82113558359013
-0.511363122872988,5.37488998598793
-2.14998681829514,4.77519068156529
-3.78933447722903,5.20978534906148
-5.3502229254937,5.13873413636692
-6.8586483523744,4.67891145099956
-8.50159404093147,4.71080756741458
-9.89904933862045,5.71284696141226
-11.2873686735492,6.68832771175087
-12.4257589438841,7.3453944747736
-12.9460670327769,7.91853632233576
-13.3031279071396,9.03666006766083
-14.4813646494594,10.3638056069927
-15.3788380578793,11.2999698021745
-16.7424493342502,13.054690739834
-16.5853068851087,13.8376922516401
-17.5038740745046,14.7125496229521
-16.4556210189716,16.0621860142093
-16.0454801959827,17.7426093214921
-16.5181858348327,19.3911836758652
-16.3938569905037,20.4977229194008
-17.1055562335144,20.8504094027268
-16.4795768072772,22.4249744196781
-15.7174673607202,23.9094703553729
-15.0367132045766,24.5698881781979
-14.4179793865817,26.234972101531
-13.2307372693041,27.5701896032805
-11.4991338544778,28.3239982895122
-10.0407395843609,29.5525955169816
-9.82777577096228,31.1286532038066
-9.08386073965469,32.7095914978718
-7.3677217625133,33.7210192625043
-6.15993551792902,35.149771547332
-5.06406545567786,35.4396558051303
-3.0977141361255,35.2801899406481
-1.85219719209454,35.1197383264522
-0.135899098429848,35.7994870456346
1.7794283129125,36.5757743988173
3.82616728244286,36.8985108017252
5.85709768510312,36.8487431703833
7.64530592819613,36.9632589607728
9.55876836943879,37.3106094892154
10.3629120112877,36.7397347022694
10.4906847267089,36.2067743659428
10.8372536697856,34.7933358807603
10.667093361596,33.6866725086849
11.3678825085625,33.2474367612309
13.375679635573,32.8957957936316
15.2881190195069,32.2630879937753
16.6747592689726,31.2193962969401
18.5743917294634,30.5125263655505
20.1368098663271,31.0626684826965
20.6366362657328,32.5734162395894
22.6221321873029,32.7890446914506
24.1053318991617,32.0121452900863
25.8491061553245,31.6200233564357
27.8030256282492,31.2266070451173
29.6412396031759,31.0430383510458
30.7292005982001,31.4747085881307
31.853490036049,31.465370193104
-79.976778,9.364889
-79.7758153255843,8.68450165437566
-80.9974498724579,7.62527817419635
-81.780225597384,8.14244983626334
-82.8894770976763,8.06188024590527
-83.4561656459177,8.41959567178066
-84.235967734839,9.48517251094475
-85.7499806650706,10.0759062279178
-85.7130888544367,11.0961617316626
-86.9862427323348,12.3479383890333
-87.3782780839289,12.9377680374521
-87.8086823304334,13.3167537472058
-88.7977814919349,13.2725638407936
-90.4663978444614,13.8792215103723
-92.151899694061,14.4720439791078
-93.514503283331,15.6987737536814
-95.2275232542802,16.1240223262905
-96.9518512225636,15.8017638557444
-100.364156249536,17.0329495450547
-101.922431401132,17.9445445889146
-105.034269858608,19.3961577213588
-105.30469517535,20.6890658916235
-105.653195655727,22.0182366504495
-106.49744602997,23.273974359497
-107.161676950131,24.1406492743713
-107.94459941219,24.6206073088716
-108.69163589219,25.3794809641694
-109.41342629139,26.0127408072297
-109.425604435788,26.6308086965878
-110.504145299397,27.3998886392396
-111.397165293367,28.2501510554954
-112.394073366678,29.4432818949022
-113.102013246965,31.0589628789953
-114.517910468076,31.7335514480664
-114.634876100646,30.4536165730985
-113.57670850057,29.0733112091572
-112.715522088975,27.8167242176744
-111.218773803268,25.6581814471427
-110.446796051179,24.1957140980985
-109.558049238307,23.5973527081183
-110.325799097176,23.5548663712328
-111.788951579567,24.5452009927318
-112.107449519004,25.1708158367685
-112.744133198182,26.4091762044975
-113.802270170048,26.9142716622925
-114.83907067897,27.8264194494546
-114.274366176427,27.9074433896283
-114.453253932765,28.8665218837124
-115.813126289271,30.0640142456241
-116.429470690241,31.3046910253502
-117.19689145298,32.6824745058418
-118.273354267737,33.7395361642665
-119.989732493147,34.4273293736841
-121.089644830648,35.55021042486
-121.959778442067,36.9438976078738
-122.186579003679,37.6944069892949
-122.997585660092,38.1563924465788
-123.838412352797,39.7243953930707
-124.08161046862,41.3218870768867
-124.5142843101,42.9858195257437
-124.047055473393,44.365646359291
-123.984597508079,45.901535546302
-124.05675032528,46.6127754651209
-124.192882263669,48.2262598557391
-122.582024232138,47.8350326239616
-123.255967941993,49.359451059496
-125.79605053039,50.4899774014032
-126.387671154841,50.9765080703689
-127.886043873653,51.8998517562159
-129.240092397395,53.4663218743116
-130.95465782136,54.8906883026941
-132.044162600809,55.5292489741718
-132.259352282376,56.4680835115364
-133.13022018015,57.1733805753323
-133.434011411269,57.6492976712626
-134.123362807764,58.2983254139432
-135.26345473618,59.1574789002637
-135.862907314001,58.6293239895057
-136.645793812535,58.9572864885311
-136.904541666489,58.3650049007434
-138.692934473997,59.1473277538702
-139.306303000957,59.7040284694587
-140.698458348801,59.7206554709384
-143.176616439184,60.0620129578791
-145.075841101033,60.4529103263541
-146.093650488791,60.7648121156904
-147.528553170696,61.1453750823675
-148.361411085223,60.556486206713
-149.578589017781,59.7870467189081
-151.563336048766,59.2302597650543
-150.979887315109,59.7792415745722
-151.162073193794,60.7987904059978
-149.924976198637,61.0950474100439
-150.820971248725,61.2592291329051
-153.616125287373,59.5749100288764
-153.463400054937,58.7149634942294
-154.573915953544,58.0374006187057
-156.512317626307,57.3375270054665
-157.669590927703,56.6089859657076
-158.385661372601,56.2212199276765
-159.097950072579,55.8948768324646
-160.406331267378,55.6477015182722
-161.611276375619,55.5790129298313
-162.580714664794,55.1367303370633
-160.394878981353,56.2021892599888
-158.374589222891,57.2486637170891
-157.216893856266,58.2036881228378
-157.696162750319,58.7303211416429
-158.742986022742,58.9193633576841
-160.049724398197,58.8883939338571
-161.704681939393,58.7590612163863
-161.97652359219,59.7767515197767
-163.628289516288,59.8163340288315
-165.045690347313,61.0867384852909
-166.133558283902,61.641646267663
-164.753848864258,62.6785129358562
-162.5656655025,63.2689795626398
-161.030586257091,64.2196607998208
-161.734986215616,64.7657432792471
-163.707587380923,64.5659633383724
-166.449265266858,64.8345582340019
-167.55300960946,65.4363901494576
-166.099316404723,66.1420415073018
-163.863544591801,66.2574051154008
-161.278313463896,66.2461157845237
-162.02986987367,66.7413927858165
-163.777188207728,67.1939775940618
-166.619139603168,68.3842442804007
-163.320161826022,69.3260764561153
-161.910615224837,70.1693596701791
-157.051707104782,71.1410034240695
-155.749411631418,70.8070668797474
-153.346598660083,70.9173243922858
-151.363332149407,70.404223160668
-147.389531682781,70.1771782745955
-142.72698362879,70.0024505956687
-138.567839308146,69.2229303506512
-135.211248052803,68.6938355895891
-135.575946985291,69.2924117697903
-133.956530673845,69.4034437642159
-131.937586855884,69.7250908215333
-129.63516951404,70.2254304491909
-129.804266982536,69.7577920475754
-127.744810167121,70.254636187473
-126.434705060828,69.6311012706847
-124.342682623883,70.077119301245
-123.073882351966,69.7169658701126
-118.670103156982,69.2256327520478
-115.539989795973,68.9556843269746
-115.230597173744,68.1683217970116
-112.274614728935,67.7291995839585
-109.412152254466,67.75340857573
-107.90551489455,67.1536613937129
-107.470021302318,68.0547707386784
-106.136032893816,68.9320371979683
-104.21977031431,68.0251686235768
-101.031744684431,67.7721978912671
-98.3499495602492,67.9719266472883
-96.1105138446548,67.4277113026456
-93.6063934146879,68.881316286964
-93.7496588540648,69.394881925174
-95.1688633192796,69.666382592487
-96.4031741624132,70.7323468203132
-95.6109816062953,71.6584139679388
-93.7077498271122,71.7385610832577
-91.9716232244598,70.3801052308117
-92.5706797964239,69.7978206400114
-90.7145404546396,69.4883384372159
-90.4397094371863,68.8128533404298
-88.1949315588742,68.3743831838711
-87.1452972731662,67.1863926014487
-85.8037772562417,68.2303755322972
-85.1432712156265,69.7852175388571
-81.541845807388,68.8237748745453
-82.2499120948457,68.2949196210877
-81.8071742181791,66.9840654054549
-84.638368101694,66.1931253747489
-85.9793118831515,66.18489478245
-88.6315601305836,65.5696524256525
-87.808507873168,65.2493792161539
-88.3206832473943,64.1222907312621
-90.006053833745,63.9536072520546
-92.0604135691605,63.7511206489162
-93.2479906342729,63.812703608578
-92.7120007999798,62.4544331748533
-93.9914916345149,61.4239723765924
-94.7429191635365,60.1781851129704
-94.3572377191861,58.7358331505336
-93.0235139875766,58.4532946196748
-92.5714073619861,57.0013397174156
-90.0146177272865,57.0270437204609
-87.5917107167835,56.0231110381086
-85.0873944628959,55.2409110910867
-82.3279952318224,55.0592115015592
-82.2008160214231,53.5428162721853
-81.3976084967885,52.1635133244989
-79.7615283907004,51.1337883902933
-79.011961451395,53.6800408399039
-79.5040960873022,54.4654184991095
-77.7711311112543,55.2772513255601
-76.5423899222869,56.6414810476989
-77.424941814997,58.1135591578792
-78.2817153963833,59.0252379390692
-77.3220492217888,59.824092930762
-78.0230157325014,61.7811712370765
-76.0609252676286,62.3456350556199
-73.9603159043993,62.3905792046165
-72.1737085172834,61.79056419687
-71.7419731740849,61.2687952678495
-69.707395885348,60.8984644857136
-69.9638982247915,59.9986998146738
-69.6716988549537,59.4423772959739
-68.5665327746289,58.8805087395608
-67.4092482297303,58.2657724182848
-65.4950286322,59.4597244414219
-65.0697325001072,59.9700338834021
-63.9814204183412,59.6839313066666
-63.4571014769055,59.1387407477564
-61.9449987063771,57.8735470950881
-61.8594402078059,57.1714276928849
-58.9655199064672,54.8361101812584
-57.4592320815605,54.6577131816238
-56.2835155591912,53.6164232076261
-55.9344549708052,53.0052670151077
-55.7716702197555,52.2276757781029
-57.1770680013749,51.4111019337374
-58.404656304589,51.2976932973995
-59.4461543727872,50.6250932704647
-61.1930112785288,50.1820114740597
-63.3777237304195,50.2060014804124
-66.0728966916065,50.2120259485197
-67.5888897022326,49.3049563006206
-69.0908846319696,48.6833338228915
-70.1698352219736,47.6123705300665
-70.3479042226354,47.1408665068895
-66.1080487529791,49.2105321687824
-64.526400356393,48.8599630121242
-65.7472070155365,48.1370873608357
-64.8772521774927,47.4835074041731
-64.9043658715599,46.7263439118334
-64.0134416122514,46.0492263656454
-62.4558240168408,45.6430647279099
-61.4052216264798,45.361136069608
-61.9343443986365,45.0727894698569
-63.0516246571176,44.6844740237464
-63.9139865589938,44.5960743566791
-64.5535530538709,44.0704175662126
-65.3524434870347,43.6057337514166
-66.1810535540136,43.8698039216706
-65.6052616508983,44.6817558114421
-64.3533136564285,45.1413442130035
-66.2589623340417,45.1669056281291
-67.1073712506103,44.8891482182845
-68.0023634044258,44.4577255828198
-68.8064164425518,44.3197124708064
-69.3719052194544,44.0539073079383
-70.6916668956709,43.1052032370788
-70.6620438217809,42.1033602355454
-69.9686865203536,41.6921254805347
-71.1831999189124,41.5391020130371
-72.1612668628829,41.2931925850552
-74.2594521715942,39.6337417960692
-75.0813714499258,39.2021885061419
-75.1853983433591,38.2539188323145
-75.9649406491116,37.3924285340037
-75.8432862617933,38.163614819117
-76.2856680700748,38.580991882514
-75.9760282803437,39.5290385991799
-76.5110239560376,39.0826448115338
-76.4302957989144,38.1061231187864
-77.1224988387142,38.386634545171
-75.8256799129038,36.495470704945
-76.2985820498829,35.9393074350057
-75.9781789658593,35.5241513447215
-76.4697269729534,35.0605640685229
-78.3150740602103,33.906692075477
-79.4571706716738,33.022949294765
-81.1594712960052,31.9185083608415
-81.3350635755624,31.4523249248719
-81.4421484738159,30.7550688339963
-81.0217119166437,29.2473727920766
-80.7150622238333,28.4049706990283
-80.0960312683881,26.9907676389929
-80.3104320220564,25.4713018502893
-81.1684484283931,25.2413386051859
-81.5000541110511,25.9053234840206
-81.9980817187973,26.5589683801714
-82.5952953398533,27.4238922247068
-82.7185070791498,28.9557286296382
-83.9948413129529,30.1048388308059
-85.312668461681,29.669395592926
-85.63267896278,30.2219029248425
-87.0807591061837,30.45932885885
-87.8093153579277,30.2461816041916
-88.3770686556537,30.3808347907211
-89.5876889224919,29.7424313388699
-89.1089403329955,29.047511187695
-90.6225007379956,29.2242337591218
-91.5556133593083,29.6050983227906
-92.5595581611411,29.595092854205
-95.2124832142731,29.0216734071968
-96.1760743463926,28.5188618732397
-96.9264862247062,28.2452625375576
-97.4321867844687,27.7894687612437
-97.735463432298,27.2667465564172
-97.320265656744,26.2234606346482
-97.4734463621523,25.1392941695323
-97.8031888787977,23.9496313037264
-97.4039449263496,21.5583623070929
-96.3568757009395,19.5105027572335
-95.4860304353819,18.7551830513688
-94.1730875043715,18.1715537891945
-91.9651882823962,18.5990604311483
-91.2274201992751,19.020955426856
-90.4953030500413,20.4918453482396
-89.0526485177377,21.371510437247
-87.2017678073746,21.4305241995853
-87.2314832995671,20.497906712083
-87.4322587319135,19.582457432881
-87.7481368391711,18.5045562056736
-88.3350436517084,18.3301801580423
-88.2284113393183,16.9237460285378
-88.6269273511879,15.6993243499186
-87.4602378652625,15.803989221525
-85.8876220720923,15.9917781978681
-84.5084656996244,15.8471876909257
-83.7922543003172,15.2866408855484
-83.5292753884799,13.2333294561503
-83.7574209888094,11.5317833058811
-83.1582650214406,10.1002201549163
-82.2546329164598,9.04964190309953
-81.1389870631364,8.80772386419155
-73.361722,-53.000417
-73.8545463791131,-51.5879312369464
-74.4739429251306,-50.2676712588797
-74.7074637893064,-47.6944212556555
-74.1986297110795,-47.3509678925598
-74.4085293140234,-46.7393679084723
-75.1597090924262,-46.5795112637634
-74.9183513148095,-45.8811847101344
-74.2008932813024,-45.9968384605066
-73.4691550137126,-46.3159250323581
-73.0886928593527,-44.0188293066671
-72.8672706655251,-43.0620709142472
-72.5606053592406,-42.2623492373673
-72.6031851078726,-41.7216605254114
-73.9220211163033,-41.079726998191
-73.3238100571611,-39.8641798830439
-73.5234860641272,-38.3466461591075
-73.158746965767,-37.0473031279422
-72.6194454958489,-35.8235409366849
-71.9829103240009,-34.3227927653189
-71.5369905101744,-32.7788178707987
-71.6710385456397,-31.1299008304703
-71.3336227465221,-29.6289904460341
-71.1507659137391,-28.0001972131355
-70.6984618869743,-26.4099593226556
-70.5425194046708,-24.7832977245558
-70.5993915531479,-23.2525579183307
-70.1436039180854,-21.7297029642368
-70.1259293752617,-19.9941340250403
-70.4808613149873,-18.2953955399701
-71.7688456637714,-17.1639539968445
-73.3881303985273,-16.3094654599158
-75.0148719472683,-15.4706592079721
-76.1424496810855,-14.2254811730869
-76.5340770187201,-12.907047749631
-77.3899629819093,-11.4474958389898
-78.2044422542695,-9.96932179802022
-79.7335899219306,-7.05872216786946
-81.1514115324154,-5.97718907434527
-81.1852470187116,-4.81343059580899
-80.3814663960248,-3.49965761086936
-80.8155819816512,-2.35793194176246
-80.8610661407037,-0.993610619691814
-80.091554474265,0.0387433154198681
-79.6503555397884,0.956574891628355
-78.5608349713773,2.43310077301679
-77.7462961626076,2.80761770870593
-77.3613072528842,4.85990257357121
-77.4601551487928,6.19587697579378
-78.0054091352299,7.30706835987154
-78.4342890510348,9.39248774888084
-77.1509974289407,8.39887694619699
-76.7580316760177,8.63176311224285
-75.6261272495853,9.666631589861
-75.2606681586704,10.7983712702236
-74.4694579380026,10.7865694660834
-71.9073960911172,12.1753308646327
-71.2504352196315,11.9515859622755
-71.7216742629658,10.9221087779348
-71.9888167247583,9.58964033382746
-71.20948647115,9.20104025493162
-70.1843743998382,11.4022808885093
-70.2797830879694,11.931146085566
-69.0839008565036,11.4607833775591
-68.1755136165687,10.5447552925308
-66.3962870996514,10.6468310667032
-65.2456609892535,10.1204009576686
-63.8290104202739,10.4432328253822
-62.0206774888604,10.6475892817072
-62.5218199356428,10.1941445516936
-61.6094750251251,9.88348311971089
-60.8717940975974,9.0039550279937
-59.9868983385152,8.52449403536504
-57.6786687820942,6.51516277883449
-56.8000159166747,5.98867627224314
-55.7042295668824,5.98807587256582
-54.6502375327876,5.9570513934696
-53.5172297109016,5.59807129206388
-52.2961007529707,4.94405433472157
-51.6450975707463,4.22525515301593
-50.8884131674314,2.75517122601632
-49.938165289951,1.7141974070985
-50.3398825715623,0.724458873401114
-48.246466104819,-1.10036253187988
-46.175833,-1.05081191520892
-45.302195945658,-1.42824377951138
-44.635227331536,-1.86839996704756
-44.6486033646389,-2.58161960144984
-43.2060618287568,-2.40727524296495
-41.9703414663154,-2.81514400852957
-40.7279827754152,-2.84610933325272
-39.1116973540918,-3.39533364568561
-37.8402608153827,-4.34362934906753
-36.5411048148871,-5.06988452490271
-35.2140472858556,-5.63282545679162
-34.8589529299507,-6.91481283940518
-34.9060309070066,-8.23380503556767
-35.7100391170183,-9.67332124253512
-37.33638123483,-11.4276109235841
-38.171775251964,-12.7556558372706
-38.810446627024,-13.1395233136773
-38.9315682821991,-13.9109426667168
-39.2097603830209,-17.2633522430735
-39.7037311546712,-18.5870784418883
-40.1874299365417,-20.1659370562024
-41.0521647287776,-21.6121191555624
-41.8909984264279,-22.7762381862933
-44.4523808163244,-23.0285505805748
-45.2932091032255,-23.6023856293134
-46.6081280775519,-24.1051842681636
-48.0102304213193,-25.1770016544699
-48.6275831567537,-26.4272303488503
-48.6236408025609,-27.7570136231815
-49.0701143169702,-28.7374335286757
-50.2143476064088,-30.1899646680481
-51.4118306332866,-31.631063199322
-50.7254163298071,-30.4845014154137
-51.5049797863317,-31.1070477557598
-52.2042044434147,-31.9595690517484
-52.7833575048115,-33.2868216409645
-54.1143499714963,-34.6090574626456
-55.9881167328237,-34.8632764291115
-57.5351337296982,-34.4664583699342
-57.511863469832,-35.0313180775037
-56.7743943942504,-36.3615607644488
-57.4295937226886,-37.7159776470637
-59.1046957945031,-38.6768677369443
-61.36820839073,-38.9998470723221
-62.1130524659899,-39.3532920267895
-62.3767059558752,-40.4989256945672
-63.8716498759307,-41.1172429703931
-65.1475974490578,-41.1145612539317
-64.6096923246508,-42.3996318454375
-63.625486856074,-42.427653337345
-65.2064614695966,-43.5465313777539
-65.5629219773059,-44.9645603895127
-67.3507919231767,-45.6501178713878
-66.5159003396375,-47.045909630953
-65.97835309714,-48.0078237495226
-67.6844670745167,-49.1943452435841
-69.1175853401861,-50.7943993492326
-69.3073147235081,-52.2284350216163
146.27625,-39.000889
144.806396138628,-37.9161337790902
143.674654649497,-38.7660851304838
141.669255773456,-38.3190446081541
140.311938683125,-37.8096398077826
139.672946849202,-36.29201244252
138.23225727892,-35.6325912375552
138.214059441018,-34.3103436596658
137.192457104422,-35.2306023905065
137.498363647113,-34.2846854684506
137.935728496925,-32.8343937736436
137.251469945776,-33.5898904725248
135.954874117592,-34.5254476691267
135.113760174155,-34.5885923942938
134.156611446624,-33.0377548069094
133.728086413366,-32.1934267963365
132.189320729125,-32.0243758208
130.314570774343,-31.5871310932263
128.289452816856,-31.9848991280213
126.227816430691,-32.2375304776977
124.31784607787,-32.9987860617459
122.976175006545,-33.8580811403865
121.118584594702,-33.8388203750401
119.435325746516,-34.3719897207415
118.007355870319,-35.0173082731484
116.563635342799,-35.0300343685784
115.138701949796,-34.3568390572834
115.677694726675,-33.1690540897244
115.698705999988,-31.8048148446923
114.967850931625,-30.1338713093683
114.502946451552,-28.4669217256642
113.706659891996,-26.8889894520041
113.381647726875,-26.2802543179983
113.644627710425,-25.710340869618
114.208486878763,-26.1278145830331
113.57200261946,-24.6741638787197
113.794929596616,-23.0179184497558
114.077899825331,-22.1524326235638
114.645343160822,-21.8397830082074
116.182217769128,-20.9300043481487
117.316300700419,-20.7522963894097
118.859834049502,-20.2786016294882
120.339011126082,-19.858756589463
121.619012700824,-18.7108897469438
122.1579466177,-17.5892649971551
122.81121585185,-16.5642921423986
123.951204119881,-16.8437640819894
123.690247026697,-16.3993549269738
124.596093260959,-15.977076360585
124.69096697698,-15.4599537751561
125.467245450341,-14.5874807854202
126.188279872336,-13.9855807930511
126.712837485683,-14.1055965812243
127.429514027506,-13.9481936942996
128.068737348912,-15.100519306289
128.848052827966,-14.8818548259991
129.356885277443,-14.4199349111977
129.988449312949,-13.5287317904018
131.82029061807,-12.2281114932306
132.668936791155,-11.8617350446175
131.937345354068,-11.3221860590836
135.367769445741,-12.0863628776679
136.006504647291,-12.2640690008272
136.483107116302,-11.9682927841867
136.602972966516,-12.7313106283404
135.652724961364,-15.0701527227432
138.458862198534,-16.7509871750092
139.920656086343,-17.6388806186284
141.20231868994,-16.716622424966
141.659500507291,-15.0122853360655
141.704522993038,-13.3825030402092
142.136038799829,-10.9899433381381
142.863418721947,-11.3835507022966
143.377179865044,-12.58431994257
143.672909925894,-14.0019728309269
144.687976547277,-14.5562723106904
145.327468598728,-15.6451662063055
145.91716981546,-16.9953373487945
146.325223898411,-18.5259877037337
147.31775476203,-19.4344304570207
148.15297396882,-19.9192777661828
148.699595090272,-20.478225881606
149.29754618969,-21.4526998536978
150.413908342983,-22.5157231880475
151.29246011655,-23.9002399146081
152.13235378719,-24.6104655404418
153.118294468346,-26.4319582298609
153.078574310956,-27.3223723246174
153.613932193257,-28.7776095827248
153.125820496675,-30.2549840391417
152.628821456764,-31.9461719479875
151.636721727122,-33.1573031342843
151.224753487545,-33.8319377710476
150.848735210225,-34.7268867747502
150.285173453958,-35.7146431208718
148.859261577292,-37.8155654272313
147.8859564355,-37.9243316698759
-44.699278,59.995
-45.6530918400344,60.734198488865
-47.8175414094382,60.9560047589561
-48.6257357682422,61.2068171988765
-50.2442911071915,62.7243487161218
-51.2651598529277,63.507217621383
-51.3640637461083,64.0157952170393
-52.1060951208555,64.949067358423
-52.4474512133822,65.3896542007259
-53.5033215850121,66.2500182465402
-53.6768571970735,66.9264769176233
-53.3644136124359,67.5184102183858
-53.2250950725377,68.0120091036014
-52.3652554143586,68.5979896466782
-51.1180864100601,68.76573520832
-50.9588652231739,69.9808422118601
-54.5369049274333,70.6224568674129
-50.5792718265601,70.4992532148179
-51.7803096696448,71.2332221992744
-53.9271765598172,71.4427342609446
-55.4325888149923,72.4107571290923
-55.037795944945,73.0400968674375
-55.7634611466963,73.863320157201
-56.2338130319111,74.3523186026227
-58.3260265701256,75.2766429762812
-60.5436214551499,76.0406761105267
-64.5032010469799,76.2353616430527
-66.6749854588344,75.9722612126442
-68.6615010640642,76.6619161175686
-70.2846684599559,77.2371921270303
-68.6296051059538,77.6443494026238
-71.3193811667657,77.8876759952282
-69.1941313226491,78.8763960042834
-65.0000385611348,79.7617712484286
-67.2577482229689,80.2131338131306
-60.0635145724368,81.8744949345703
-53.7801675327188,81.9478442424625
-51.491076750779,82.3127519671915
-45.5250370831359,82.1071563439585
-42.9388052182101,82.6558041354416
-39.2211802165732,83.217268357329
-34.6903587520704,83.6262679037566
-25.6707445994656,82.1784265465566
-22.7293167215735,81.7677977858432
-23.6159308225544,80.8652181607942
-18.2597497159805,81.5781572752935
-18.4069523209831,80.2175355832823
-19.4113688565975,79.2542089419212
-21.5362708927922,78.1200290850318
-19.8177471223826,77.6762901666974
-19.1659752642522,77.2284998436645
-20.939736741312,76.8951561394593
-19.8001163783617,76.1705246160436
-19.3719904712193,75.4715766525713
-21.3625240141953,75.0398211193945
-19.7481437434111,74.2465348078235
-22.2867051859687,73.9923585299208
-20.7925240419377,73.4776282635332
-25.5594534636673,72.9096895108618
-23.0457718213322,71.6534153803104
-21.7726423712642,70.7532802746859
-25.9174141043432,71.5500490656848
-27.4967582589756,71.6268055321755
-28.0791586253086,70.7206548045334
-26.4598675659415,70.3340728481714
-22.4480407655342,70.1258078485315
-23.6606398018719,69.6133476198054
-25.3694060433112,69.0348271200057
-27.6326025606449,68.4844467041927
-30.1457599970825,68.2714789344291
-31.6889279250147,68.1318021522914
-33.5859933328525,67.1402317287495
-34.5763863334183,66.4595455488978
-35.7525954668612,66.1793317319234
-37.2782840086731,66.2551848103623
-39.1733525485271,65.6411117837152
-39.9404242040031,65.0809724271387
-40.4420953843165,64.3784996703102
-40.5369544707928,63.7405209415855
-41.1566447533174,63.3751138625196
-41.8785919949474,62.8269057359229
-42.2939789717552,62.1162588180733
-42.4502555139983,61.616188551071
-42.7075374142633,60.9933329784168
-43.3404893247531,60.2021948651128
150,-10.087917
150.580678768497,-10.4602473669817
148.199232656179,-10.1088318629385
147.109023422519,-9.44690226349431
146.29294696438,-8.35173239299661
145.07527714482,-7.77960470565872
144.201256876931,-7.7198123671388
142.743887584127,-9.27063767554913
141.126983048348,-9.23352145634115
138.100909819507,-5.723699146785
137.706778922918,-5.16092751269226
137.05265787999,-4.90099131239132
135.616758346777,-4.47553224253476
133.869859488367,-3.63786428634869
133.130849102646,-4.07893867372327
132.561139748616,-3.12830008310278
133.491712394016,-2.56423640306414
132.640766532055,-2.25321518231974
131.85819549321,-1.59342571617487
131.072909187264,-1.48082399204777
132.029867697796,-0.539040013926019
133.668643796395,-0.732065331029505
135.527194705985,-3.29093643856736
137.762785017766,-1.49368749165727
139.321543538081,-2.1352435924004
140.780580930061,-2.63164161467762
142.458331989822,-3.20250039058072
144.107196128055,-3.7961107947995
145.12822626205,-4.36080777844128
146.061129002975,-5.49448165674291
147.663365174452,-6.16208962102782
147.013109606141,-7.03698005149423
148.109340973597,-8.06565267284781
149.190029792301,-9.01361556819576
115,-4.014583
113.332714592883,-3.27389775385843
112.14213527033,-3.39129063251476
111.37567823936,-2.90929906269182
110.151181063828,-2.61580363890496
109.920176500108,-1.22857492370899
109.326670156796,-0.909051534075651
109.195661953963,-0.143094351629291
108.98904762594,1.19062346104182
109.649547528147,2.03875661551987
110.710480266129,1.4778806393417
111.211484985934,2.09760078147229
111.636648157154,2.84715406395087
114.171332563317,4.62796135749613
115.387412533665,4.92225143272868
115.967727023083,5.79939167011438
116.742617432497,7.02768026670245
117.763499918247,5.93972921435096
119.122165903807,5.08976192478664
118.526177411442,4.47692876472987
117.363883738821,3.61710128597476
117.564000649762,3.08157949324372
118.028787070831,2.21003362930465
118.434697762159,1.40065124635122
118.123870683893,0.885489707474504
117.47176907624,0.0719345498679802
116.816395675849,-1.21556773136201
116.435855854985,-1.90005238338632
116.312737589421,-2.606747993888
44.999139,-25.487083
43.8567385202301,-24.6187782989839
43.5644084523736,-23.0401241610634
43.4374886892101,-21.6543771152546
44.0514620976278,-20.6199717695134
44.3267189460593,-19.2255336594019
43.9404614659648,-17.5221021567013
44.7805962552472,-16.1898806941374
45.6835780216882,-15.7802348510585
46.3530534754702,-15.7752791871472
47.4801521059015,-14.9046843032386
47.9852921380328,-14.2575987383915
48.0766196156687,-13.6164173927649
49.1734582697565,-12.055506525062
50.1590777979132,-14.1428494874272
50.3107930875122,-15.8450516768034
49.7394167466537,-16.1420829790958
49.0487979607798,-19.1242878062756
48.4994275065768,-20.6934206582119
47.9788765124121,-22.2867709124698
47.5111095568514,-23.9513560795498
46.719053460535,-25.1290693463383
-65.999139,61.954944
-68.5577061431414,62.2602276597604
-69.7416696573274,62.7834157430874
-75.6786612447108,64.4977577936902
-77.7476412439177,64.3297664435689
-77.0536180058492,65.4227489753076
-74.1381779769645,65.5323275393345
-73.2888489324776,66.6336361283781
-72.4362937531387,67.462323203827
-75.4381502320965,69.0116373669549
-76.2598536435232,69.4211250698414
-77.122070652164,69.9263125175623
-78.8733474062426,70.4543437809782
-78.7943586796456,69.8883388278749
-80.9283650670054,69.7236416737419
-87.4219900514001,70.3146566895456
-89.0599531685772,71.0463885448618
-85.8452186654236,72.0349932400879
-84.8131696015941,72.4293324626305
-85.0069107422105,73.0104138593331
-81.4308117513446,73.6579582071912
-81.1091463104951,72.327710905357
-75.2880789034735,72.5113996205453
-75.045521732066,71.6194327860912
-73.5803975516081,71.5709451579656
-70.6533774925786,70.8332358916962
-69.4015193865172,70.2566697844334
-68.0638591351114,70.3029740327043
-67.7536719128512,69.2013294957228
-69.0760547151021,69.1100874429881
-68.6176180648183,68.5869436367911
-65.9496954753134,67.8181820619626
-64.2995385031393,67.6758383892169
-64.368573788483,67.1860396943187
-63.0338128646928,67.2712295635148
-61.6446426766434,66.8614651327715
-61.8281295182777,66.2843824860967
-62.7740201368754,65.5911894690877
-63.7691187818316,64.998526722165
-64.7488585837629,65.1888452163891
-65.2386865045288,65.6429169823415
-64.8310723171913,66.1706999668004
-66.5158427595806,66.279974358016
-67.4846048345717,65.8982565206252
-66.9332032009934,65.2350191246364
-66.2384234324676,64.8660808376371
-64.5691583712649,63.5531329741008
-65.1448321925726,62.891255357132
-66.5323469253285,63.0077145261878
-67.8138754406955,63.5904798762403
103.999139,-5.325444
102.643550562594,-4.27739215760965
101.465723005767,-2.99823845965309
99.756168432143,-0.156695853436798
98.8713874966803,1.18463559544852
97.989138312263,2.25427977570861
96.9956779231592,3.53921595373136
95.6166463375462,4.58486290372868
95.8558436370108,5.52573808219215
97.5023814460506,5.25506582747182
98.2408711677828,4.13194120649378
99.6178413137165,3.2290365697721
100.877037578229,2.28562041137042
103.741480762304,-0.00253396404315007
103.486298670682,-0.487932449157078
104.133765485634,-1.03594837680331
104.860119127029,-2.40654852576105
105.779662190877,-2.70536935870084
105.856220979549,-4.11922253576635
105.824955136262,-5.57657954164861
104.965844629683,-5.68707262272294
136,33.710417
135.087399427402,34.2802996642508
134.208360548856,34.6548627684647
133.049054273865,34.3360760328936
132.099749525218,33.8917833637864
130.911576085763,34.2325886406669
132.319555946181,35.060077005974
133.976919311547,35.5326632780262
135.445562268132,35.5892178698337
136.127116198555,36.2549142069473
137.307412141543,37.5059972801126
137.582469783892,36.9763105661245
139.276404882348,38.064481911328
140.096117193338,39.6903421108234
139.983573732525,40.7308288772438
141.000053068139,40.9447691741321
141.404048759887,41.4063552726739
141.995455440373,39.8035754279434
141.636046709994,39.002216076628
140.970718393675,38.2300832763231
140.665505165192,36.5521384977734
140.393962262092,35.2854772725536
139.930242519694,35.6489759748268
139.115076501433,34.8522492517872
138.218664889916,34.6230695678658
-113.554361,68.999083
-116.852602623458,69.6614347462963
-113.513781880318,70.2606822314212
-117.670061819821,70.6815305257934
-117.667817004004,71.5652113313628
-118.515277215435,72.4559849651049
-113.941038507697,73.1631893515372
-111.999138312372,72.8625474329484
-110.930387461243,72.4607966585173
-108.41135034544,72.0328315191714
-107.944324214123,72.5347088920367
-104.297946655117,71.5779499743231
-102.921966179943,70.5934371866832
-101.326908830778,69.7145272409023
-102.864341876637,69.5539360006341
-103.659718099981,68.8079036998022
-106.489191759558,69.462107517021
-110.144488780966,68.5986407277013
0,50.787944
-1.894159595483,50.7223417587063
-3.50707788105083,50.4517723246656
-5.01061401770211,50.1471713674944
-3.38722568769671,51.1810090710437
-5.11872295507558,51.6765506824793
-4.09198973703401,52.471347222924
-4.13962678355833,53.2269003887042
-3.05598689435344,53.4959515897076
-3.18899840231163,54.1724447439367
-3.890853583842,54.8343686397108
-4.99989059111188,54.9426920076569
-5.56061987250311,55.7686780961218
-5.0920689413128,56.5275729646182
-5.26611246155156,58.1181343947316
-4.43962594911355,58.5487136390761
-3.84927780367818,58.0518736808528
-1.79411170999485,57.4544217804963
-3.0099797513273,56.4234514157943
-1.25463831728695,54.7896652337999
0.0573347073246906,53.5866471854492
0.155886698495272,53.0148107595734
1.70840833487791,52.3562447570915
0.930000060748923,51.7313175163078
-77.088056,83.125639
-67.9952825306676,82.7059060332545
-62.2259184145529,82.5239081192136
-67.2535033374905,81.5843597869178
-67.6960707351888,80.9115492910627
-72.1505797272008,80.1849809116234
-74.3083119342227,79.8813388453601
-76.5266294714772,79.4513139934208
-74.621937390936,79.098698863216
-75.764555010812,78.0180530360112
-80.0191741393021,77.3094519078768
-78.071011903702,76.5714372563095
-82.0240866330285,76.5540608124746
-86.5906102826786,76.4799024858435
-87.3086052630278,77.1701541577502
-86.3404295841277,77.8153719116108
-82.6950928106015,78.6350277701634
-84.6867532672212,79.0314460867988
-85.489413532328,79.9342882071875
-81.6995164961025,79.5904364903412
-81.7198508507916,80.3963159491025
-77.645128638699,80.8767238303728
-87.0344171572674,81.0152403275578
-90.3260322621161,81.6406478168121
-87.3765405340502,82.0011272384372
-82.5325122816331,82.4745820211436
119.478333,-5.000444
119.43183948217,-3.51087153061391
118.914175598202,-2.6632691021612
119.389531093131,-1.09704238403294
119.635746848281,-0.0430370696270036
120.26556152597,0.912367773998114
121.275445014406,1.23305605287016
122.716556530623,0.87877099174529
124.325707104076,1.07705556466435
125.172962798552,1.44332711539888
123.954890968551,0.331637934427678
122.252123915339,0.499848236898972
120.628480589651,0.529872267569754
120.261494380399,-0.901141598555484
123.091772128205,-0.862093895807406
121.741628593909,-1.83981537691506
121.826368646214,-4.84849477103788
121.059526953823,-3.68649096401654
120.635001274669,-2.66284216898984
120.326001937238,-4.06608178033756
120.414488988622,-5.58321004599922
170,-46.255444
168.307236003221,-46.4995662441438
167.272984201763,-45.0389888547044
168.070583042837,-44.3451120740773
169.378191165483,-43.6453272450528
170.337385738592,-43.1456314695634
171.164276838992,-42.5126921613548
172.859727907097,-40.8158849816183
174.220721114535,-40.9871846481843
174.190276619022,-41.6374158297145
173.025422422225,-43.0366347844229
172.933128273443,-43.8879782419004
172.051034060377,-43.9641779480262
171.176005309839,-44.7559886499472
170.598137088275,-45.9018063410934
114,-8.590444
112.370599962688,-8.38293395901483
110.797971863531,-8.20646707797768
109.163717177698,-7.71473128363864
108.000550997025,-7.76146656868884
106.372014554176,-7.24520007522533
105.245074766422,-6.72686040474818
106.1709756831,-6.02663758460418
107.552131538829,-6.19382015639186
108.866176658159,-6.79309097986863
110.511115827937,-6.86968835936041
111.818366368737,-6.77025040712911
112.889696289374,-7.61125610072974
114.425233470437,-7.89714585153172
174.937472,-41.002944
174.63013373104,-38.5368780146592
174.753216459063,-37.5657485315507
174.475963214975,-37.0014986684211
174.306057490338,-36.2951529146553
173.157486468149,-35.1285161558363
173.033295614046,-34.5952428497276
174.421976080659,-35.4674144807058
175.020033736658,-36.8899478722999
175.499206714501,-36.5186978821095
176.191948317307,-37.7066084156966
177.732169296689,-37.6803681588715
178.29640692159,-38.4975688838468
177.16877315546,-39.149304984428
176.466155981843,-40.6068798311114
-55.201556,46.998889
-55.7513899520614,47.5390978171686
-56.5241253309388,47.6752026123474
-57.5013026907168,47.6198629937676
-58.9925089145274,47.5785049675856
-58.6462193273369,48.5476948546042
-58.2067989713366,49.4135091838149
-57.5228544331827,50.3198619092762
-56.0646021867785,51.3049307100401
-56.4685411274144,50.3685569981721
-56.0735285549399,49.6667863014701
-53.2109718047978,48.573837260916
-53.2195669237699,48.0213834621533
-53.3073842653857,46.7311048560751
-53.9357115184731,46.8721377421369
-54.2068049015299,47.8731841570722
-75,19.9155
-76.4259347969185,19.9758287689694
-77.3372282567308,20.2310511419726
-78.3546651597587,20.923277884259
-79.5796594432167,21.6575007294873
-81.7241359314515,22.4758067370998
-83.2399413579707,22.3071131430526
-84.621006996936,21.8811207200275
-84.1692920104597,22.5657204754353
-82.6877030293557,23.0114783876206
-81.2265639190667,23.0786518210956
-79.7140699806631,22.7727932561595
-78.1873017994116,22.1108851572958
-76.57815600829,21.2926554087211
-75.7124756859363,20.8258265551044
-74.4196675818087,20.312306510468
123.999167,12.967917
122.812474566407,13.7528243064311
122.46599568176,13.3997997149022
121.042765957215,13.633442960432
120.969334660686,14.4895404666065
120.185057013603,14.793495558449
119.765362449815,16.1673774107982
120.379578232685,16.8462018083093
120.614580808529,18.5172686834837
122.032835126567,18.3103060126974
122.410135075175,17.2433386353131
122.072950330147,16.2289049351495
121.584336885055,14.8650877540312
122.248021199733,14.0752402021019
123.891781659045,13.7221618566275
-17,63.793722
-19.3630338759121,63.4554122797535
-21.5243468671927,63.8383499608085
-22.6530321222947,64.7702827401686
-22.355117211899,65.4736664231566
-24.1697595563842,65.4635677920995
-23.3094103955702,66.1692547167308
-20.6510006470918,65.5539968872198
-19.4280294695006,65.98109819525
-17.8749940767692,66.122567420089
-15.7025133978349,66.2982912305114
-14.5370377788678,65.7612136176313
-13.508518004952,65.1503951792435
-14.4391543871171,64.626858074267
125,5.85875
123.471561582891,7.65963338931742
122.806701330456,7.48319477127991
122.012254180367,6.9439960532176
122.739899867794,8.11865660187833
123.80639365545,8.4945814634104
124.442026002181,8.61439973732685
125.396832291643,8.97889891036062
125.913929532863,9.41574811022652
126.339843042249,8.40918616112558
126.499277223543,7.07733172331417
126.081950719598,6.66915982160866
125.442891291139,6.58735972894949
-8,51.858722
-9.4210822152866,51.5015227529831
-10.2492458184091,52.111847583811
-9.39776338986704,52.8710656681129
-9.89503665405493,53.3457142435485
-9.85892595717067,53.9360360327088
-9.19412969629454,54.2032042017265
-8.45186878590957,54.6288700741609
-7.72778769017704,55.1507992027468
-6.17284889585996,54.0099006700591
-6.12411320716776,52.7444526350048
-7.36408655621424,52.11709946121
143.258694,41.999111
141.265428817785,42.4834903573473
140.985719263676,41.9498939587502
140.104887594951,41.837100870287
140.379262045434,43.1560786848929
141.545151183615,43.8765151530195
141.829075486702,45.4356896796996
143.49323611365,44.2529278969183
144.813764257208,43.9548378942489
145.313349081091,43.4246775055145
144.866828607818,43.0057236376359
142,45.96875
142.023484983535,47.7112768155048
142.112253399189,49.4022459735938
142.230617130822,51.1706000353164
141.85006510614,52.6724661323057
142.490219041737,53.6190715410773
142.652707691669,54.3673003514025
143.138328034865,53.3297385874332
143.160700484148,52.4624318515304
143.418890836403,51.4896412180705
144.00608984256,49.9365029276768
144.49188017506,48.946273356411
142.783615166352,48.5258759221269
143.110589878169,46.8974883695054
143.391176898333,46.1239089617266
-72.3767912719218,18.2303467291625
-73.6502762285594,18.5611977514982
-72.5238388075407,18.7633379210524
-73.4388110644863,19.7170084173047
-71.8941153668304,19.711987304803
-70.5145120579906,19.7767646530576
-69.2042568538327,19.2209653916398
-68.4684002128829,18.70821842388
-69.6016003764958,18.4045319231255
-71.0115574498849,18.2724418139142
-120.334222,71.998111
-123.45376386857,71.3179114867405
-125.062194152439,72.5376004944629
-124.320635290887,73.9928928365333
-119.834691572037,74.2711956585181
-116.205775778723,73.8132217548053
80.257472,5.997111
79.8018506575364,7.67990785090313
79.9172988950531,8.5961805697262
80.9228127654243,9.03442855185187
81.6779223951147,7.76718218965162
81.3439198503906,6.20860286707472
145.17481423838,-42.2282287284799
144.867867071921,-41.5526523550594
145.427172301815,-40.8501014201903
146.806984295105,-41.0500712616221
148.279105079689,-41.2257721459105
148.171806219787,-41.9944570481219
147.972797139269,-43.20333857803
147.032985832915,-43.2298721289862
145.988178978425,-43.351986633318
-92.1665,74.992306
-93.6728138687298,76.2537936492263
-96.6683755537751,76.7963392563477
-89.5799087037586,76.3206064087005
-89.0475960057751,75.498585295737
-85.83821227691,75.4572623508815
-81.2753393836544,75.6584921552809
-79.74922576754,74.8400815685151
-83.3318946523495,74.8582122778876
-86.1447153778508,74.519953797524
-88.6686934985541,74.8108934091348
-66.724167,-55.0025
-69.3406393795197,-54.8963523408852
-71.2689360366795,-54.6595056540846
-68.30252748008,-53.0628419201034
-67.0232390711343,-54.1921603014575
-65.6831565664509,-54.9148825237644
58.257389,73.999583
54.3680681258202,73.6214268416841
55.5531238961803,74.1529922462616
56.1747462710073,74.7827609868483
57.6707823541995,75.3208982814568
60.8204316998363,75.9876352510858
65.6273098481038,76.5346478637884
68.4640085416697,76.2486237219876
62.7684395389295,75.4952184959218
60.2203276713195,74.7408197654551
-81,63.437528
-83.5261551539564,64.1019365074193
-85.6321718577228,63.3171790385017
-86.2889744753662,64.060380842584
-84.1153066249926,65.2049931571492
-81.7774495384364,64.0919615980703
-115.559833,74.994611
-116.690763912234,75.9151340388501
-114.028617001355,76.2672612618614
-110.33854253159,75.5701554355146
-110.298381204784,76.4358733525424
-107.653848914548,75.9748330649513
-105.384217119006,75.7167903500179
-108.512228638982,74.9768001396122
-113.89398439022,74.5385171281235
-112.267042739416,75.1396279570128
-114.124191873781,75.2911328228178
-94.197028,78.998083
-92.1613339549102,79.3433943503912
-95.7691559799665,79.5251732304668
-94.76448387267,80.0066793089083
-95.0547516337491,80.6013766981644
-93.5035594378707,81.2230862680865
-89.0703520055184,80.4755678947889
-88.1127741053236,78.7251309289087
-89.9182542670402,78.4045504199805
15.438222,77
15.3595062302765,77.7134720309163
14.0368052344422,78.0778600588676
16.4730559007309,78.6634984707159
11.3586723230151,78.9708575992492
10.8749073647301,79.5476117795512
15.5366691151407,79.2646398221338
16.2197474170545,80.0430933136595
18.9882420415048,79.1595347516361
19.0304029450994,78.208662222396
17.05998416441,76.6441314440585
-50.3417666325242,-0.0999421224916324
-48.65377581848,-0.235068466945455
130.668861,30.999111
130.427830185331,32.2611136821144
130.193362242072,33.0078588403874
129.649065325621,33.3856299613828
130.491062874174,33.8200810472513
131.960371296989,32.8159795425312
131.391510814589,31.4902526694461
120.864139,21.999583
120.107282671891,23.1305492420757
120.69468936546,24.5694083937773
121.938624498682,24.9543592107913
121.438108606434,23.2747083128502
151.052944,-6.001694
149.4442066754,-6.13280490507974
148.427352077192,-5.45651006360868
149.954671434233,-5.40156329264753
150.595733549338,-5.53511568091936
151.631616172668,-4.53913311495964
152.359211361879,-4.33149188417142
151.858256384974,-5.56228902089435
-85,71.280861
-89.4977886102477,72.7013082981683
-86.6510958252294,73.8439826056601
-86.6127435786048,72.6443603858488
108.999167,18.360417
109.193288865567,19.7120748264336
110.248030653087,20.0394804588638
110.85422010005,19.6150233633811
110.215940359429,18.6268408278568
-99.3126953694858,71.4470212274613
-102.227838708142,72.5697145317552
-100.416702717202,73.0250468744225
-101.525830706367,73.4639155105286
-99.8015545981257,73.9326444431858
-97.1710386033396,73.3880242942568
-96.5887073266896,72.7399528448428
53.9975,70.737083
53.5513069908109,71.1999060274748
51.639210808032,71.520624997326
52.7338556081656,72.621527305417
55.3969408353097,72.2455969260252
57.2994352237343,70.8214741202849
-125.672556,48.999556
-126.285948823838,49.4977067068434
-127.440568453684,50.1824829913799
-128.315579786682,50.8051343701353
-124.003365985587,49.2045946973939
-123.512116068316,48.3652076097299
-124.854093301576,49.0298637661697
124,-10.277917
123.788530938899,-9.52083271981103
125.251530667436,-8.61862370280406
126.98547347984,-8.33736346120536
126.048247341442,-9.07565788052529
124.600927452717,-10.0065476411901
14.999167,36.701222
13.0964884299773,37.5168114292118
13.3096878447486,38.2255550550892
15.2403758089491,38.2617491578173
-95.5864460097812,73.397306340754
-93.2796027149446,74.1634818492347
-91.3972273574216,73.2494691886667
-93.566832720421,72.5559717943617
8.451222,38.997444
8.45191970458323,40.1459790533821
9.04719540344756,41.1413285220233
9.67235818901366,40.3139028066831
9.08848138443788,39.2007559380587
137.993778,74.845028
137.51640502119,75.869404753738
140.568608092154,75.6052457141222
144.15493210641,75.764254132621
142.982016899238,74.8913698869775
132.998694,32.983306
134.186301668393,33.2661822510917
128,-0.303
127.414231876312,1.12276730697147
127.851345379621,1.84179106980783
128.562881009687,0.991620300196603
128.639962958068,0.320483321366745
127.999139,-3.07125
129.375141262319,-2.78349200485761
130.83197116023,-3.48284651232489
129.598295484296,-3.29927910329765
167,-22.343167
165.869401638395,-21.904554724435
164.66152922013,-20.9655828835891
164.34285473799,-20.2484817003047
165.623868525436,-21.2726243811126
-100.016583,74.987444
-99.8482699254174,75.6772543967643
-100.659320298178,76.0936496153113
-97.9371411633215,75.4641513900429
-117,77.438694
-116.949426693052,76.5506476211233
-118.949200314336,76.2717704282585
-120.85575807637,76.2066364048127
116.999583,-9.095083
117.579508113363,-8.47335025962251
118.874262933223,-8.31171894852824
118.747992995666,-8.80655029284801
95.989833,78.977083
94.4749422687472,79.7802669437944
98.7509344379753,80.0513166440374
99.1648451788916,78.7805935642041
27,79.944556
19.752025493941,80.470493125149
23.1583463492021,80.4479587698168
123,-8.337917
121.635198913796,-8.88934996633134
120.064339863983,-8.8015803985358
120.780217542684,-8.34458072648469
122.312348807915,-8.62022313422525
-99.005889,68.917167
-98.3617151712515,69.5458889653143
-96.257727243082,69.3412116465918
-96.0935573093635,68.5619344643438
123.215861,9.999583
122.637053457277,9.41565628043296
122.947350761953,10.6996526820054
125,11.268722
124.316887828051,12.4491832982975
138,-8.393806
138.436478642303,-7.44810023733648
138.491544959174,-8.36047072331836
106.691694,-3.001361
105.709259869014,-2.13546620483465
105.701253114031,-1.67328005877963
106.26767527598,-2.36546151966964
117.504327348216,8.90688182055475
118.756025468728,10.1295585687138
119.254085238062,10.9238114266691
121.996667,10.440417
121.88265140375,11.8998864699445
123.117220284238,11.5780644662385
-99,77.904667
-104.767254969218,78.43069030944
-104.824570868757,78.9194930458462
-101.728758856285,79.068903202465
100.324944,77.994972
101.195343927004,79.0206067422271
103.19159165305,78.2216846018498
-80.132778,72.998944
-77.9522575223683,73.6408126275404
-78.4478894168498,72.8679179511145
-77,17.84375
-78.3522503729056,18.2805369129336
-76.6875986138694,18.247470767326
120,-10.049583
119.442743525588,-9.36749230463461
120.814456990333,-10.0163850882455
-59.846306,45.998333
-61.5049476775999,45.8531628558282
-60.3280221118998,46.8666856022757
177.302165642387,-17.9002488686113
178.515683621747,-17.6086380278137
-155.786889,18.998167
-155.545824669508,20.1303980680835
120.760417,12.996639
-75.111944,67.988556
-77.2696716488927,67.7149706855303
-154.138389,56.9995
-154.61897300045,57.4725702077154
-153.694212241776,57.6379803880083
-152.641493376259,57.4738845530425
32.998194,34.567861
32.9984964112236,35.3996021197009
34.181844296679,35.4340512772671
-132.000528,52.880417
-131.274597887524,52.161110276603
-132.489540077841,53.3455325756185
-132.73446777267,54.1392312007922
92.6945458802023,80.7350965569646
97.4478778989452,80.7989163859146
-74.002056,-43.381694
-74.0094644933749,-42.0707169124417
-73.4766476826431,-42.3582060175218
8.68709674282228,42.4933434392294
9.54358368946381,42.1937044522239
-66,17.977083
-67.1612170354471,18.4591357339169
155.222226005084,-5.87747767275367
155.614086772986,-6.86302854031148
-52,69.55375
-53.8136704479804,69.5168086348972
-54.8004043388451,70.1402323200347
125.998361,-3.289583
127.256906709598,-3.41755166605946
24.745417,34.999139
23.7344830367926,35.6511144887876
25.2153398938968,35.3222931242921
25.9113419882453,35.0324720852539
-62,49.076278
-64.3876010342112,49.8345729904321
178.997472,70.818694
-177.787097359939,71.3605778935981
11.919917,54.998722
11.5048320892301,55.9663015468805
134.298806,-6.001667
-96.374639,75.009306
153,-4.097917
151.220145398846,-2.93467638487378
124.400417,10.999194
125.006078904689,10.1313524000859
-132.425833,54.997528
-133.220330197004,55.3719980054618
-133.636330213794,56.2436574517258
68.999639,-49.717417
69.0771108777606,-48.6920178355365
69.9144467416907,-49.1994232904624
69.6840170598751,-49.6232223653715
-59.6789163766457,-52.1088307375204
-57.8711678768309,-51.6121172278247
-74.9919991423082,-49.6696366097894
147.146167,74.999167
149.155861963455,75.2368692502552
-62.892583,45.997056
-63.8545546012192,46.5604593409197
-62.5863922226564,46.4694936230324
130.999139,-11.355444
131.391798080378,-11.5889569397107
130.525292249401,-11.2544589134315
180,-16.147917
179.885776472327,-16.7220577027491
178.636545223789,-16.9299621606962
-83.001611,62.8545
-83.592189759747,62.1856233935381
115,-8.174583
115.126185679714,-8.74630496755252
-135,57.54875
-135.874199508201,57.4768696409901
-134.988436046527,58.0483264639551
159.995861,-9.428722
-96,77.882444
-98.118938250027,78.8144288838352
143,73.203722
141.616391751198,73.8794050041762
-110,77.920139
-113.173831500702,77.8521912280806
24,77.62375
21.5400697676004,77.8960258965544
48.994972,68.728722
50.1313827312425,69.2645270295004
-169.54925,62.991639
-171.59343410103,63.7204565915981
-61.002,10.134861
-61.4983150741038,10.6323866060646
-91.059611,-1.000833
-91.4529688164436,-0.0256107286197351
116,-8.746278
116.562850976072,-8.88938707986757
107.994556,-3.250806
107.996205144134,-2.59321553176787
-60.8341565111285,-52.0620579052739
-60.3993799905278,-51.6893964405039
-105.04675,72.994806
-104.804432546236,73.6601601969463
123.008754000291,-4.83969315058241
122.631711071652,-5.65715173289851
112.766694,-7.002111
113.847813091399,-7.13335723103359
123.673853955655,10.4462711236636
137,-36.019694
-68.0520420777081,-55.4800263245723
-165.643833,59.999667
-166.81905241498,60.237607973761
-134.666207712828,56.1786516507294
-164.001639,54.62875
-163.460932923404,55.0423220357483
97.392361,0.996778
97.8943912681761,0.89110101549941
166.592472,-15.000778
167.177523720242,-15.2718887879846
160.995861,-9.259639
161.001311922455,-8.63532345534932
98.942889,-1.003389
-73,-54.090444
159,-8.071278
124,9.603722
124.519294598029,9.74988551937993
24.393278,37.998722
3,39.317917
3.16668902914593,39.8276941913842
53.998333,12.325389
-36,-54.802917
-37.5100362556134,-54.1643888418452
-36.6412988407231,-54.1249518130895
-78.2659658766339,24.7540304969342
-77.7346790620279,24.4664257205397
-24.002556,72.464556
60,69.717861
59.2310239566482,70.399578413092
162,-10.797083
131.131278,-8.001667
131.657894958389,-7.40338365604291
124,11.797917
123.271489840045,12.3900183114314
146.996528,44.473694
147.96024346253,45.3657474106997
-80,61.727917
131,-0.344611
130.523739494442,-0.302433209039565
-73.7626902022168,40.6258423672393
157.120488529959,-7.0717083590318
18.19575,56.996667
18.8079336637776,57.7409252076339
10.3732964606902,55.0718653003163
-82.037722,52.999833
122.319643576211,-4.83216257557937
124.392083,-2.002556
125.105022946266,-1.89186159951764
-133.979194,56.996667
-111.252663662038,78.3510244751289
-167,53.479028
-166.32139319232,53.8490106276444
46.990056,80.17375
50.3511955561871,80.9102737332467
22,57.943583
-128.785588207202,52.7002421823526
125.811222,-8.001667
126.499183349069,-7.92307797987413
135.999167,-1.159611
135.710082119312,-0.710451096222254
127.999167,-1.504583
55.265806,-21.001222
-23,73.092056
122.998361,-1.520417
123.474947778924,-1.47824127759513
136.412917,-14.000861
136.831099178864,-14.2034813052227
135.9925,-1.817944
136.543493926266,-1.71493464751614
-83,21.465417
-165.000556,60.357111
-7,57.960417
-6.22051863444388,58.244416765116
-49.9013100916275,0.0170009287674461
124.898193318044,-8.16852728035103
116.04875,-4.001722
59.98,80.39875
130.292944,-2.0075
157.482329960317,-8.26650187671272
167.367056,-16.000833
-16.692472,27.99875
155.998389,50.381278
71,73.110444
163.909139,58.989167
163.45569977266,58.4784315536198
8.419528,3.355778
147,-2.202083
-156.000583,20.698167
-152.871972,57.998444
-152.129347036631,58.3585327618092
137.999111,54.854194
57.54125,-20.000833
127.282861,-0.477556
-80,55.899083
-79.2753514763066,56.5697423559856
126.16125,33.290833
-168.756111,52.90675
-168.007089520842,53.326308849279
62.989917,80.685389
95.999167,2.787889
-73.805583,67.996278
-172.834667,-13.519167
130.011222,-11.780056
167.999167,-47.117944
-6,57.277889
152.999139,-25.435417
-14.004167,28.207083
26.287472,38.999611
108.356139,3.999056
102.735831,1.001587
17.961639,69.52125
-158,21.313917
39.379556,-6.000833
-73.147139,20.998306
-15.371278,27.998306
101.769139,1.999556
145.652056,43.999139
92.693694,12.604111
-48.46825,82.636861
124.279583,13.999139
-61.5995,15.999139
55.996639,26.732083
-159.772194,21.997222
150,45.82125
27.915389,35.998306
-90,77.544556
-78,63.112083
148,-40.107083
150.422944,-9.381667
-105,77.407806
-75.589556,-48.106667
92.772472,11.997917
-77.525861,23.999583
123.628795296839,-8.40790748438239
-18.785028,74.997861
123,-10.85625
150,-2.51125
166.384861,54.999361
125.998361,-1.793778
-112.505,28.999167
104.448306,0.999528
127.9975,26.510417
-77.404167,25.997056
-77.4136200376269,26.7602152223715
-86.84025,67.995639
-104,75.051722
167.382056,-21.002583
-171.838417,-14.001278
-61.003139,14.549278
-104.010278,76.0675
-79.289194,68.997583
144.13125,-40.000861
44.975056,80.587083
-175.005056,52.02875
-104.026167,76.66975
-130,53.213389
-149.621833,-17.575028
-65,61.400389
22.489194,58.999139
43.219556,-11.735028
-1.34591700000004,59.9975
139.145417,-16.635028
-84,65.756417
-23.7275,14.997917
-90.551278,-0.627528
13.603900617016,54.4963920956515
-64.032556,10.995417
56.994944,80.440417
93.959556,6.998306
-97.742583,73.997361
-78.001667,26.725444
54.979917,80.939583
102,1.595389
-99,79.72675
-68.002972,60.296583
122,13.202889
-176.663778,-44.000861
-49.364222,-0.000472
172.725806,52.999139
151.046306,-10.000861
-132.205889,55.998333
-6.00175000000002,56.582944
168.150417,-17.718333
169,-18.899611
14.996694,68.582889
100.42625,-3.001694
20.114917,59.999528
105,-0.299611
-74.3956692067225,-51.0609701467442
152.999139,-9.145444
138.312889,37.996389
121.362528,5.998722
6.460417,0.240833
21.994944,70.587083
-147.381611,59.997278
-51,-0.103806
78.988806,72.997472
-80.116306,-3.000833
-13.478778,28.998333
153.172111,-11.370028
-71.004389,62.822111
-77,63.413306
126.767861,3.998333
20.33625,38.189972
125.67625,9.999139
127.999167,-3.608778
92.382861,10.781667
104.240389,-0.490861
-25.85625,37.859167
-61.488694,15.5325
-17.000833,32.820389
-176.568333,51.999556
129.133861,28.255028
123,-4.204583
-37.960917,65.619972
-18.001278,28.775806
4,39.925417
-157,21.079333
159.999111,-11.457111
-73.001667,18.89125
168,-16.192917
157,-8.097083
58.621222,20.263306
167.998333,-21.655472
-70.6330495749105,-55.0454723557027
156.501222,-7.660861
-22.921667,15.998722
10.994972,78.526667
120,5.235389
100,-2.664611
-6.52580599999999,55.691639
99.520417,-2.154194
129.802917,-8.003361
-61,13.747722
154.516222,-5.130833
-75.009972,-51.486278
14.999556,54.998639
-3.052528,58.997472
122.471194,10.478333
150.997472,-23.477917
-4.79755600000004,54.059944
-90.87375,-0.265
1.579972,38.997889
126,-2.266222
103.999167,10.045389
-89.628778,-0.913306
169.1995,-19.449972
-75.519222,-50.670028
144.859944,13.654365
132.838722,-6.003333
125.387889,3.6775
-114.006111,76.896639
-130.656722,53.837083
-75.524222,-49.000833
122,-0.400417
-126.907556,49.841444
158.022528,-8.772083
-64,-54.723806
166,-50.859583
98.295444,7.994139
166,-10.792139
-178,51.719583
57,81.384556
-81.719167,7.563861
130.376278,30.372472
52.989861,80.149556
136,75.401222
25.44125,39.999139
-74.926694,22.999583
-157.365667,1.999722
-24.307972,14.998333
-75,-52.047083
-50.316472,1.999139
-74.001278,22.444167
-100.595583,68.998972
-146.616556,60.358361
-74,-52.593722
98.297083,12.644194
-76.150417,24.999167
129.228722,34.361667
93.480417,18.869167
98.283694,-0.528333
122.421222,12.44
-174.00175,52.10125
-28.545417,38.493333
130.998667,30.545861
168.102972,-16.690028
130.390417,-0.935806
177.994972,-19.107944
115.296278,-7.000861
39.587083,-7.946694
-69.000361,12.224083
-135.771278,56.9975
117.902028,4.170778
-59.448556,13.1015
13.998361,68.26375
25.565389,36.992472
154.607111,49.356667
44.202889,-12.1675
59.975111,80.977083
123.13625,12.999139
-102.000278,68.618333
-50.830689,-0.574681
167.999611,-15.291667
14,53.854556
132.607056,-5.601694
146.999139,-5.317889
91,81.22375
-96,75.534611
-27.38125,38.730833
146,-4.525444
-86.469083,69.996778
102.100417,-5.336694
120,11.897944
41.993306,16.690389
137.016278,71.515889
-105.002833,68.500806
24.51125,40.657444
74.106278,72.998306
121.690389,-10.573361
25,37.771167
73.244167,-53.004194
-80,-2.401306
-6.772583,62
-115.365806,28.104083
-8.16691000000003,71.1418
134.470417,7.443333
-17.345472,28.101667
45.036222,-12.720861
99.640389,6.424972
128,-8.259639
-140.2555,-8.846722
23.381278,39.999111
-78.70375,22.54
158.105444,6.925028
-61.283722,13.204139
151.998722,46.886694
126.088778,34.419139
-79,75.8855
134.940417,-1.003389
91.018667,22.098278
149.505389,-1.420889
98.417917,-0.001667
167.402889,-14.326667
95.866694,76.997889
128.597889,32.613333
119.378694,-8.590056
167.37625,-13.8425
-101.003583,76.723583
132.580417,-11.001639
63,81.577917
-139.001833,-9.697944
117,7.808778
123.451306,9.192472
136.193611,73.999194
-153.276306,56.997278
82,75.178722
-61.781556,11.998972
-173.005056,60.482944
103.343722,0.800806
-7.457583,57.240833
-60.565278,11.246889
27.053694,35.597472
179,51.504611
53.62125,24.163333
-160.147528,54.998333
127.998361,34.834583
-71.816639,21.839
-124.637972,49.745778
-79.641611,51.997472
-64.895889,60.418333
37.583667,-46.9375
79.989722,80.832889
-18,27.647083
100.178722,5.474972
-73.002528,22.418722
123.662944,24.301667
25.999556,40.151667
177.547472,51.999139
-73.815889,-53.429194
-23.250472,15.159139
-61.743333,16.999472
151,-8.500472
22.998333,36.145389
-74.002528,-45.543778
-68.419556,12.263306
153.392917,-27.709222
59,79.966222
-175.355444,-21.095861
167.3525,54.860778
91.402028,22.497417
31.994667,80.077083
-169.922917,-19.004278
-54,49.647028
-118.307556,28.99775
26,37.513639
98.159583,11.445
-119.593444,33.989778
-74.559583,-44.486667
146.583778,43.8025
-78.835028,8.3915
-28.002528,38.662083
106.972972,78.082944
129,27.802306
14.319472,35.970778
133.17625,36.254167
-65.337472,64.591889
8,63.30375
124.632056,9.205806
-16.247111,11.089972
5.337417,59.779139
-15.008778,10.824944
-74.006306,-43.920833
115.302111,-20.861722
100,9.420389
-74.350472,22.829972
-25.007528,16.90375
10.423278,42.709583
19.9975,70.122944
-78.944,68.525472
-100.609861,70.703111
173.354167,52.402472
93.039583,19.996667
179.704167,51.996639
-77.351722,24.997917
-1.003333,60.702056
-64.903778,17.679139
116.312083,-3.554222
136.685389,-11.250861
97.109583,2.221639
123.299583,-10.2725
166.447056,-45.742528
43.621222,-12.280833
24.431194,38.879139
-68,69.673389
105.725444,2.996667
-172.634222,52.2675
-81.420472,19.3725
-56.267444,46.997389
159.531222,-8.440889
152.52125,-3.095
27.986528,78.838778
112.564583,-5.814167
-54.914583,49.580833
128.515444,-7.145028
120.074583,13.849139
-46.699167,60.780806
98.080778,10.884167
13,67.946278
-61.001722,56.062056
121.344583,19.361667
166.776222,-11.625
-74.855472,-43.603361
49.989944,80.042056
-72.622667,19.999111
-62,47.266778
-70.000833,12.4865
-124.951722,50.2125
141.129583,45.185806
25.443778,40.475778
108.796222,-1.581694
19,74.367889
-154.686556,56.431167
-76,23.607111
128.998278,32.961222
-19.781722,78.783306
-1.38958300000002,45.999167
-90.513778,-1.312528
127.323778,-7.632556
148.979833,76.645389
127.452889,-1.247556
-170.842583,52.559139
49.882083,-17.001694
142.18875,-10.195861
-110.676,24.999389
-73.925472,-44.865861
-62.867944,17.369167
-151.492972,-16.770028
-111.001278,18.746389
121.890417,18.999139
-165.690889,54.240806
-109.455444,-27.178333
-128.458361,52.181222
-170.003333,52.812417
128.540417,-3.528333
106.999583,20.734972
24.317056,36.66
125.255389,24.749972
-61.889639,17.695
6.234556,4.302472
5,61.837861
93.397889,7.996639
134.611278,-6.758333
120.607111,-7.075833
-80,53.389222
-74.539583,23.999139
155.454139,50.877472
55.36625,-4.640861
-64.497444,47.899972
169.69375,-20.186722
130.995028,-7.42875
-126.679278,50.549167
-65.422944,10.9175
89.231556,77.239972
-118.547528,32.995472
51.646278,-46.390028
68.084139,23.805417
67.002389,69.473306
-106.5375,21.638
129.728722,-1.205833
123.520389,-5.27
139.402056,42.177472
167.407111,-22.607472
76,73.490389
-97.397333,74.630694
-109.797306,24.141056
17.103972,68.907472
-31.267111,39.450806
179.346278,-18.000167
-170.867972,-14.327472
105.532083,-10.512556
166.575833,-20.694611
139.507056,-17.000833
72.607056,21.575833
-16,11.50875
104.120361,2.786639
-91,77.138083
52.065361,12.233333
-73,21.559583
-90.682922,-68.760286
104.477083,0.238306
159.109611,-9.006722
108.777056,2.898333
106.192861,3.23575
-70,41.241583
-78.330667,60.766972
-90.467361,0.385
92.7195,9.15
-5.78211100000004,-16.000861
95.213722,5.900833
-162.835833,54.449139
92.58875,11.362472
-72.357083,21.755833
152,-2.747944
42.683722,13.998306
117.262889,8.213306
-83.0025,66.19425
127.357056,0.672472
-156.61525,20.590639
-74.645944,68.643667
-2.25288900000004,49.246694
153.998389,48.776222
125.352917,2.741667
118.062861,24.460806
98.037083,12.212472
7.330389,1.612528
107.34125,-2.885028
129,-8.267056
46.202889,-9.406667
123.687111,11.225833
-140.137944,-9.384167
-59.836028,-51.265889
169.014167,-52.550861
11.864972,65.715444
-121,75.747639
11,57.304583
-174,-18.650417
-12.355444,-37.14
163,5.374556
-55.776389,71.884139
-68.787944,18.171667
123.983333,-5.878778
-26.460806,-58.421667
-77.61875,21.873333
-170.420889,57.164944
134.399167,-2.000444
119.710417,11.464972
-75.205444,-44.818361
120.997472,-7.332917
103,11.251222
-51.941222,70.669139
179.354611,-17.259194
125.657111,10.780833
82.995,74.10125
11.674556,-16.564194
24.486194,37.399167
83,75.960417
40.054972,15.999556
145.117889,-38.520028
148.010444,-42.663389
35.426278,-21.723361
26.259556,36.591639
124.703722,11.7025
147.704611,-2.370861
-25.174194,36.999556
-62.244639,16.721583
-108,73.577556
138.060361,9.437472
120.478722,6.268306
-82.795417,69.813306
115.737917,-7.155
122.092111,14.843278
122.079556,30.29
-55.667556,50.714167
128.519556,27.372389
-93,61.87825
138.583778,-6.765861
16.049583,43.056611
-43.764639,-2.408333
-63.019194,18.055972
143.525444,-8.341667
53.999167,26.566278
-169.792611,56.612472
34,69.335417
5.152472,53.362444
135.087917,-1.502528
-77.496833,3.302472
-174.976278,-21.386694
14.655389,44.790833
126.652426,34.377328
153.56875,-4.098333
121.870389,29.131639
121.780361,20.718306
-138.691306,-10.525
-13.758722,9.779167
18.727556,69.998361
11.99,36.822083
123.784222,-1.877917
-139.612083,-8.925833
-112.003083,70.338194
-6.99922200000003,56.504167
113.262083,-8.477528
-144.203556,59.999083
42.661167,66.721861
123.045389,-3.595056
-79.910028,56.877472
-61.115056,56.61375
-176.253806,-13.291694
25.35375,36.355806
157.714556,-7.437556
127.44875,-0.000861
152.541444,76.135806
84.446222,74.440778
98.439556,1.68
121.030389,12.254139
121.749583,-7.413361
144.707111,-40.489167
-79.007389,72.352389
79.582222,74.585639
120.812917,5.544139
-65.000833,18.367028
156.142083,-6.930028
130.80125,37.5125
121.890361,19.539972
160.445944,70.90325
-79,55.976083
121.563722,-0.171667
127.141278,-3.852472
142.129583,-9.268361
91.832889,21.751667
118.516222,6.999139
166.439611,-11.251694
152.410472,47.349972
139.737861,33.140806
129.658778,31.6525
-80.212111,22.999139
93,79.392056
-159.833806,-21.219194
17.369167,62.473306
50.174583,-46.108361
119.532889,23.539972
151.11125,-4.927528
-178.874167,51.7825
131.428778,-4.001694
23.827083,39.149972
79.841194,9.699139
155.512944,-7.364167
-48.592917,-1.438417
21.289056,60.574111
-10,-40.297111
134.17625,-4.001694
129,73.106222
-19.019889,78.264556
136.085417,-13.365028
49.454556,27.278333
-172.739222,64.624139
178.432472,51.944139
36.48625,25.644194
153,47.789583
109.02,2.480306
-90,73.987056
-77.944306,77.796806
-111.556306,68.317306
-18,63.539583
-178.192972,-14.250806
-152.002306,60.356083
34.502056,27.996694
179.836222,-18.592472
128.415444,-1.000861
129.840417,-0.456694
133.351222,-11.6325
77.501917,-37.840028
145.645036,15.101122
-67.402556,-55.840833
-58.450056,-52.003722
146.059611,43.524139
-119.486361,33.265639
-95.463306,77.251028
106.564611,8.674972
103.81125,0.889139
128.117083,2.3325
120.999083,10.828306
-47.903722,-0.606667
136.829583,-15.618333
26.765361,37.173306
125.324583,5.391667
-67.947944,18.080806
139.472083,34.076639
-165.007639,66.496528
-49.725861,61.918278
149.427056,-4.693333
-178.834611,-18.221694
-64.832444,32.245028
146.778722,-19.130028
-78.000361,62.553444
-146.398,-16.150833
-51.275861,-0.473722
-175.113778,-19.755889
143.501222,-3.3375
18.339111,59.026639
-179.000083,-17.174639
8.210806,40.99875
114.47125,-7.147528
-80.450861,32.320639
-58.473778,6.885833
163.61875,-19.627556
135.999111,-11.652972
-69.799194,-55.41
-78.94375,-33.674194
-157.968806,-21.922472
121.791194,31.377528
24.998306,76.531667
-130.362611,54.27325
134.842944,-12.050833
-80.787889,-33.741694
3.334111,-54.422528
166.531278,-13.174167
125.141222,-15.047556
121.490444,22.082389
-86.942694,16.135
40.273306,14.999583
145.247031,14.200506
-73.710444,18.0975
-60.220833,55.305
134.484611,-5.385861
98.173222,10.141694
131.119972,-1.000667
-82.377694,8.274556
36,65.196111
66.57875,70.4725
-26.670806,-59.038361
-149.531333,-23.369194
-159.327556,54.886639
-79.7095,57.538167
-72.362556,-54.416694
147.552083,-5.321667
-77.460389,4.098806
68.540361,23.264111
121.410444,11.836611
-85.880889,16.454222
122.397056,-3.439222
-81.309583,29.858333
96.608722,2.104167
-71.55625,17.549139
-101.561,78.200611
149.699611,-22.427556
-140.720417,-8.0025
25,39.483722
161.707083,-10.244167
53.850778,68.338333
-120.364167,34.013194
136.171667,-35.002083
-144.382167,-27.611667
25.5295,38.593333
50.738028,25.655778
52.999139,12.157083
-64.417944,18.741528
-68.989194,-55.350861
-90,29.449361
-73.334556,64.226389
-113.187444,26.721528
158.174583,-7.435
-76.812917,57.385
126.482,37.477417
55.677889,-4.298361
-77.003694,34.674972
-26.517528,-57.777583
167.909583,-29.000583
131.996667,-5.313806
117.258694,7.059139
131.997917,-7.000861
103.737056,10.4725
37,25.412111
99.996692,79.568884
152.393778,-9.000833
19.172417,58.394111
-96.525722,71.281972
143.384556,-9.000889
-72.461417,63.711167
178.09625,-18.415
-128.348806,-24.358417
-111,67.885833
-91.010694,62.666722
-97.67875,24.523361
-60.005378,43.949371
-97.45875,69.954694
-84.006694,76.493278
121.38125,-4.110861
149.995861,-1.688778
107.529611,0.999083
177.197111,-17.16
15.21875,43.869194
-78.954583,20.803333
-179.150917,51.274972
116.810389,-20.512528
107.999556,4.744167
-61.504667,12.433222
168.325444,-17.096694
-82,21.604583
-123.215556,48.789944
-64.597528,64.144972
-151.377917,-22.453361
24.035389,34.854167
125.025417,12.659139
-27.210833,-56.715
151.554528,7.3325
-78.402472,57.325389
-73.823778,23.088333
138.30125,71.829167
94,19.185389
133.777917,-2.196694
-100.155611,68.327139
-178.981333,-18.951667
175.042944,-36.201694
119.247917,-5.513361
-152.3725,58.910833
35.991694,64.356611
179.742083,-19.176667
-53,47.594583
-78.450639,63.516639
178.462083,-18.904222
93.969944,76.549583
-48.384611,-25.5075
82.214944,77.505806
121.038722,27.949972
-169,65.798167
42.375417,15.743306
122.998333,24.434556
166.225472,-10.288333
143.999194,-3.250444
92,77.639556
124.31375,-8.3
-66.931667,68.349472
16.779139,58.381639
-145.620028,-16.059583
99.166222,6.551667
123,39.497917
129.578778,-0.032528
-73.254611,-41.800028
-87.86375,17.281694
121.737056,13.919972
54.485444,26.295778
98.488722,13.214972
-84.762444,29.700056
129.685389,29.64575
-57.716278,74.720833
97.3015,76.678333
48.539583,-12.885833
150.521278,-2.678361
141.282917,24.744167
118,-8.691278
-16.740417,12.532528
40.564583,-12.197528
-1.115861,50.799972
107.753722,2.999139
114.397028,-5.564167
-77.900444,25.799972
-54.188361,47.412111
129.477056,-6.759139
122.422056,30.698333
127.562889,-1.85
119.608556,73.102472
178.750833,-49.690028
103,5.818722
107.570417,20.999167
-127.614222,51.065833
97.639528,11.867472
-46.672083,-0.799194
-75.540472,10.346111
134.799556,-2.7125
-73.432056,-45.309167
41.564556,16.875778
69.58875,22.431667
-61.330861,-51.695
-63.099139,58.525806
11.5125,56.715833
132.641028,33.999083
136.999139,-1.847111
-79.307111,25.696639
20.734583,38.639139
12.268722,37.933333
-73.377944,-44.535028
142.122889,26.699167
-19.585972,82.104417
131.716222,-4.711722
39.574583,-5.417528
128,27.067861
100.535444,4.267472
-78.803361,52.411972
50.282056,29.268306
40.127056,16.49
-27.264139,-59.475861
-72.756808,40.76981
118.300361,4.956639
-27.614222,-56.303333
150.242083,-21.675
-76.7515,56.111639
-114,67.881056
9.798694,43.029972
141.245472,46.246167
108.068667,3.594917
-49.26625,-1.634167
175.869139,52.375806
50.378694,26.146667
124.727917,1.713306
-57.279167,50.814972
-90.667778,63.515611
99.817972,10.066583
-36.319167,65.779972
15.635806,56.097528
-66.698778,11.770778
-56.421361,73.298333
56.006111,70.621667
-81.457917,22.07
172.999194,0.84625
98.640417,11.030833
97.836278,12.784167
-65.847944,10.265806
136.567083,-1.203361
-32.478778,-3.877528
23.993306,58.154556
173.809611,0.454972
-121.008861,76.757972
-70,43.729222
-77.252972,-12.066722
118.997472,39.192083
174.373778,-0.585
40.707472,-11.00125
17.82875,42.756639
27.899139,59.999111
-173.766306,-15.963333
-80.877111,-6.430833
-159.805472,-18.87
-5.14130600000004,48.449972
119.09375,25.049167
144.22625,-14.185
119.80875,4.810833
-135.002556,-23.120417
-109.304111,76.931028
-156.700278,56.071028
116.837889,-8.448306
92.999056,12.969556
-25.67375,71.071667
-175.83375,71.414944
124.193722,10.187472
-64.362528,62.545
-76.538222,64.167889
-116.251722,70.537056
5.497472,62.365833
162.25625,70.64425
-161.613028,55.117917
-61.132528,-51.064194
121.455194,22.67325
-77.832306,56.321778
160,-8.892083
-147.70125,-23.875833
-112.1,25.638889
104.18625,0.5825
142.82375,-1.750028
-43.437806,83.246528
127.396278,73.419167
42.292083,16.293333
-84.004889,66.711361
30.210833,59.934944
-136.471278,-18.476639
-88.178167,17.657444
147.259583,-2.570028
125.92625,-14.376694
158.706306,-7.5675
38.416278,18.192528
-67.512333,62.119222
-178.429583,-19.155861
-87.510111,71.026889
-175.747556,51.9475
163.785528,-20.053306
-82.530444,22.565
142.652111,-10.915
-145.243139,-14.718
122.897056,14.450806
23.859139,59.345806
-69.480306,47.998472
23.933944,56.998694
-145.159583,-15.779194
126.247083,35.585833
131.059611,-12.070861
115.622917,-4.938306
-178.833806,-17.665056
55.82625,17.494139
-140.758778,-17.842528
146.508722,-8.781694
55.583694,25.584167
-80.486444,51.327139
-164.889167,54.194167
-53.784556,48.856639
115.51125,-20.455
121.999611,6.291639
156.514583,-8.3
-82.577083,21.759167
124.05125,-16.11
-137,-18.312083
-21.781278,71.275833
103.447111,9.299972
-89.154611,30.230806
51.403722,27.916667
108.697056,0.795806
-79.589111,52.579917
129.672111,-14.788306
178.999583,-17.592528
143.169167,51.9975
-18.734972,76.665833
134.66875,-3.94
-109.160417,25.6
-76.857083,25.311639
-66.638278,77.489111
167.159583,-9.855861
122.704556,39.041611
-56.848778,49.7625
-64.675444,10.287472
121.043806,27.465
-140.169639,-15.985889
141.21175,76.086639
21.805806,58.384944
123.533778,-17.240833
128.227083,39.996667
121.999167,-5.523778
122.232917,-34.115833
-80.707944,23.187472
142.897083,-9.857528
21.691194,36.740833
-110,27.069083
-50.619028,0.320111
-140.78125,-18.345028
-138.896306,-21.780861
120.417083,-6.603361
121.57375,37.447444
15.818778,43.6975
-78.651056,58.603833
80.792917,15.747444
-38.952972,-15.623333
72.775444,11.189111
129.296167,72.504167
-143.55875,-16.623361
152.546306,-11.087556
125,37.806306
-145.558722,-15.4575
136.843694,34.509972
155.514167,59.314972
42.899556,14.622472
118.512056,38.914167
123.227472,73.62875
125.17875,34.672472
35.747944,27.134111
138.517083,-34.760861
131.572944,-2.659222
-97.853917,68.413
-83.615472,21.975778
146.135417,-17.94
-174.306278,-19.657528
154.106222,-4.368389
-60.134194,50.175833
135.206194,71.5825
-141.471667,69.707167
39.349472,-4.665
139.1975,54.586639
-79.233722,22.639972
-56.989194,53.845
-159.002611,70.880417
145.04125,-1.540056
89.504917,75.547472
-10.244167,51.581639
117.283778,-7.540861
-147.537111,-15.069194
105.762917,-6.9725
-67.793806,63.117528
171.651667,6.999583
-146.227083,-15.330028
-179.353861,71.600806
43.332056,11.464194
73.517056,1.914167
101.445444,12.524167
154.720417,-3.380889
104.198278,79.012417
42.129583,-0.90425
-145.599583,-17.355861
12.075722,67.499194
-32.925861,67.62
40.333722,15.488278
-7.80883299999999,37.022444
166.382944,-22.255833
146.696222,-38.692528
-148.109611,-14.9055
-80.661306,24.898306
-149.638917,70.566639
131.420417,42.643278
-76.987139,26.500833
58.497889,25.595806
41.05375,18.463333
36.046278,26.649139
72.3075,66.3075
168.684611,4.581639
31.053722,70.406639
-144.286278,-16.423361
115.991306,74.3275
169.187417,69.9425
168.551278,7.430806
-145.178,-16.713333
73.149583,6.731639
-141.227083,-14.160861
-97.805833,22.742306
-172.510444,-8.543333
-158,-8.952944
13.217889,-8.804194
-62.174583,-40.035
-164.552722,67.737194
-67.677972,11.989139
49.153778,30.134139
-140.419639,-19.610056
-142.520417,-16.146694
178.368778,-8.066694
153.647917,5.281667
-171.21725,-9.330028
-145.77875,70.141694
-171.797139,-9.140083
36.532889,22.403333
35.090417,45.535861
167.317972,9.108333
